---------------------------------------------------------------------------
 International Telecommunications Union - Radiocommunication Sector (ITU-R)
     ITURHFProp         Ver Sep 26 2026
     HF Model (P533)    Ver 14.2
     Noise Model (P372) Ver 14.3
     Analysis Prepared  Sat Sep 26 02:52:02 2026

---------------------------------------------------------------------------

**********************************************************
*      DumpPathData - p533() Path data structure         *
**********************************************************
**********************************************************
*                 Input Parameters                       *
**********************************************************
	United Kingdom to Caracas
	Year = 2018
	Month = May
	Hour  = 2 (hour UTC)
	SSN (R12) = 10
	Tx power = -10.000 (dB(1kW))
	Tx Location Caracas
	Tx latitude  =  0.183 ( 10.480) [ 10 28 48]
	Tx longitude = -1.168 (-66.900) [-66 54 0]
	Rx Location Birmingham
	Rx latitude  =  0.916 ( 52.486) [ 52 29 10]
	Rx longitude = -0.033 (-1.890) [-1 53 25]
	local time Rx   =  2 
	local time Tx   = -2 
	Frequency =  14.000 (MHz)
	Bandwidth =  1.000 (Hz)
	Short or Long Path = Short
	Modulation = ANALOG
	Required signal-to-noise ratio =  31.000
	Required Reliability (%) =  90
	Required signal-to-interference ratio =  0.000
	Man-made noise = RESIDENTIAL
	Antenna configuration: Transmitter main beam to receiver main beam
	Transmit antenna 14 MHz Dipole at 10 m AAGL    
	Transmit antenna bearing = 36.972583
	Transmit antenna gain offset = 0.000000
	Receive antenna  14 MHz Dipole at 10 m AAGL    
	Receive antenna bearing = 256.209991
	Receive antenna gain offset = 0.000000
**********************************************************
*                 Calculated Parameters                  *
**********************************************************
****************** Distances (km) ************************
	distance =  7404.883
	slant range =  7776.563
	dmax     =  4000.000
************ Maximum Usable Frequencies (MHz) ************
	basic MUF       =  9.349
	10% MUF         =  10.939
	50% MUF         =  9.349
	90% MUF         =  7.063
	Operational MUF =  11.219
	10% OPMUF       =  13.126
	90% OPMUF       =  8.476
********* Lowest Order and Dominant Mode *****************
	lowest order F2 layer mode =  3
	lowest order E layer mode = No Mode
	No Dominant mode for this path length
************************ Season ***************************
	season = Summer
****** Field Strength (dB(1 uV/m)) and Rx Power (dBW) *****
	Field Strength (7000 km > D)           = -20.769
	Field Strength (7000 km < D < 9000 km) = -24.522
	Field Strength           (D > 9000 km) = -43.606
	Median Rx power = -152.365
**************** Rx Elevation Angle (degs)****************
	Rx Elevation angle =  8.000
***************** Short Path Parameters *******************
	"Not otherwise included loss" (dB) =  8.720
***************** Long Path Parameters *******************
	Free-space Field Strength 3 MW e.i.r.p. (dB(1uV/m) =  61.784
	Increased Long Distance Field Strength due to Focusing (dB) =  1.026
	"Not otherwise included loss" (dB) = -0.140
	Upper Reference Frequency (MHz)      =  13.406
	Lower Reference Frequency (MHz)      =  1.772
	Correction Factor at T + dM/2        =  1.500
	Correction Factor at R - dM/2        =  1.575
	Max Antenna Gain G_tl (0 to 8 deg)   =  0.010
	Max Antenna Gain G_w (0 to 8 deg)    =  0.010
	Mean gyrofrequency (T + dM/2 & R - dM/2) =  1.106
	Scale factor f(f ,fL, fM, fH)        = -0.077
***************** Noise Parameters (dB) *******************
	Atmospheric noise upper decile =  5.663
	Atmospheric noise lower decile =  4.912
	Atmospheric noise              =  25.256
	Man made noise upper decile    =  10.600
	Man made noise lower decile    =  5.300
	Man made noise                 =  40.752
	Galactic noise upper decile    =  2.000
	Galactic noise lower decile    =  2.000
	Galactic noise                 =  25.639
	Total noise upper decile       =  10.563
	Total noise lower decile       =  5.140
	Total noise                    =  40.864
********************** SNR Parameters (dB) *************************************
	Monthly median resultant signal-to-noise ratio =  10.771
	Upper decile deviation signal-to-noise ratio   =  13.982
	Lower decile deviation signal-to-noise ratio   =  15.373
	Signal-to-noise exceeded for 90% of the month  = -4.602
********************** SIR Parameters (dB) *************************************
	Signal-to-interference ratio = -307.000
	Upper decile deviation of the signal-to-interference ratio = -307.000
	Lower decile deviation of the signal-to-interference ratio = -307.000
******************** Reliability Parameters (%) *******************************
	Basic Circuit Reliability                      =  2.697
	Multimode Interference                         = -307.000
	Overall Circuit Reliability without scattering =  0.000
	Overall Circuit Reliability with scattering    =  0.000
	Probability of scattering                      =  0.000
	Probability required SNR is achieved                      =  0.000
	Probability required time spread T0 is not exceeded       =  0.000
	Probability required frequency spread f0 is not exceeded  =  0.000
**********************************************************
*                      F2 Mode 1                         *
**********************************************************
	basic MUF  =  0.000 (MHz)
	10% MUF    =  0.000 (MHz)
	50% MUF    =  0.000 (MHz)
	90% MUF    =  0.000 (MHz)
	OPMUF      =  0.000 (MHz)
	10% OPMUF  =  0.000 (MHz)
	90% OPMUF  =  0.000 (MHz)
	Fprob        =  0.000 (%)
	Lower decile =  0.000
	Upper decile =  0.000
	E Layer Screen Frequency  =  0.000 (MHz)
	Basic Loss (< 7000 km)    =  307.000 (dB)
	Median Field Strength     = -307.000 (dB(1 uV/m))
	Receiver Power            = -307.000 (dBW)
	Delay                     =  0.000 (mS)
	Elevation angle   =  0.000 (degs)
	Reflection height =  0.000 (km)
	Receiver Gain = -307.000 (dBi)
**********************************************************
*                      F2 Mode 2                         *
**********************************************************
	basic MUF  =  0.000 (MHz)
	10% MUF    =  0.000 (MHz)
	50% MUF    =  0.000 (MHz)
	90% MUF    =  0.000 (MHz)
	OPMUF      =  0.000 (MHz)
	10% OPMUF  =  0.000 (MHz)
	90% OPMUF  =  0.000 (MHz)
	Fprob        =  0.000 (%)
	Lower decile =  0.000
	Upper decile =  0.000
	E Layer Screen Frequency  =  0.000 (MHz)
	Basic Loss (< 7000 km)    =  307.000 (dB)
	Median Field Strength     = -307.000 (dB(1 uV/m))
	Receiver Power            = -307.000 (dBW)
	Delay                     =  0.000 (mS)
	Elevation angle   =  0.000 (degs)
	Reflection height =  0.000 (km)
	Receiver Gain = -307.000 (dBi)
**********************************************************
*                      F2 Mode 3                         *
**********************************************************
	basic MUF  =  9.349 (MHz)
	10% MUF    =  10.939 (MHz)
	50% MUF    =  9.349 (MHz)
	90% MUF    =  7.063 (MHz)
	OPMUF      =  11.219 (MHz)
	10% OPMUF  =  13.126 (MHz)
	90% OPMUF  =  8.476 (MHz)
	Fprob        =  0.000 (%)
	Lower decile =  0.755
	Upper decile =  1.170
	E Layer Screen Frequency  =  0.000 (MHz)
	Basic Loss (< 7000 km)    =  172.699 (dB)
	Median Field Strength     = -22.652 (dB(1 uV/m))
	Receiver Power            = -152.250 (dBW)
	Delay                     =  0.000 (mS)
	Elevation angle   =  8.566 (degs)
	Reflection height =  453.039 (km)
	Receiver Gain =  0.525 (dBi)
**********************************************************
*                      F2 Mode 4                         *
**********************************************************
	basic MUF  =  8.020 (MHz)
	10% MUF    =  9.383 (MHz)
	50% MUF    =  8.020 (MHz)
	90% MUF    =  6.059 (MHz)
	OPMUF      =  9.624 (MHz)
	10% OPMUF  =  11.260 (MHz)
	90% OPMUF  =  7.271 (MHz)
	Fprob        =  0.000 (%)
	Lower decile =  0.755
	Upper decile =  1.170
	E Layer Screen Frequency  =  0.000 (MHz)
	Basic Loss (< 7000 km)    =  180.603 (dB)
	Median Field Strength     = -26.846 (dB(1 uV/m))
	Receiver Power            = -152.734 (dBW)
	Delay                     =  0.000 (mS)
	Elevation angle   =  14.397 (degs)
	Reflection height =  453.039 (km)
	Receiver Gain =  4.235 (dBi)
**********************************************************
*                      F2 Mode 5                         *
**********************************************************
	basic MUF  =  7.046 (MHz)
	10% MUF    =  8.244 (MHz)
	50% MUF    =  7.046 (MHz)
	90% MUF    =  5.323 (MHz)
	OPMUF      =  8.455 (MHz)
	10% OPMUF  =  9.893 (MHz)
	90% OPMUF  =  6.388 (MHz)
	Fprob        =  0.000 (%)
	Lower decile =  0.755
	Upper decile =  1.170
	E Layer Screen Frequency  =  0.000 (MHz)
	Basic Loss (< 7000 km)    =  187.529 (dB)
	Median Field Strength     = -32.093 (dB(1 uV/m))
	Receiver Power            = -156.298 (dBW)
	Delay                     =  0.000 (mS)
	Elevation angle   =  19.450 (degs)
	Reflection height =  453.039 (km)
	Receiver Gain =  5.917 (dBi)
**********************************************************
*                      F2 Mode 6                         *
**********************************************************
	basic MUF  =  6.349 (MHz)
	10% MUF    =  7.429 (MHz)
	50% MUF    =  6.349 (MHz)
	90% MUF    =  4.797 (MHz)
	OPMUF      =  7.619 (MHz)
	10% OPMUF  =  8.915 (MHz)
	90% OPMUF  =  5.756 (MHz)
	Fprob        =  0.000 (%)
	Lower decile =  0.755
	Upper decile =  1.170
	E Layer Screen Frequency  =  0.000 (MHz)
	Basic Loss (< 7000 km)    =  193.572 (dB)
	Median Field Strength     = -37.332 (dB(1 uV/m))
	Receiver Power            = -160.737 (dBW)
	Delay                     =  0.000 (mS)
	Elevation angle   =  23.978 (degs)
	Reflection height =  453.039 (km)
	Receiver Gain =  6.717 (dBi)
**********************************************************
*                      F2 Mode 7                         *
**********************************************************
	basic MUF  =  5.846 (MHz)
	10% MUF    =  6.840 (MHz)
	50% MUF    =  5.846 (MHz)
	90% MUF    =  4.417 (MHz)
	OPMUF      =  7.015 (MHz)
	10% OPMUF  =  8.208 (MHz)
	90% OPMUF  =  5.300 (MHz)
	Fprob        =  0.000 (%)
	Lower decile =  0.755
	Upper decile =  1.170
	E Layer Screen Frequency  =  0.000 (MHz)
	Basic Loss (< 7000 km)    =  198.893 (dB)
	Median Field Strength     = -42.348 (dB(1 uV/m))
	Receiver Power            = -165.449 (dBW)
	Delay                     =  0.000 (mS)
	Elevation angle   =  28.088 (degs)
	Reflection height =  453.039 (km)
	Receiver Gain =  7.022 (dBi)
**********************************************************
*                      F2 Mode 8                         *
**********************************************************
	basic MUF  =  5.475 (MHz)
	10% MUF    =  6.406 (MHz)
	50% MUF    =  5.475 (MHz)
	90% MUF    =  4.137 (MHz)
	OPMUF      =  6.571 (MHz)
	10% OPMUF  =  7.688 (MHz)
	90% OPMUF  =  4.964 (MHz)
	Fprob        =  0.000 (%)
	Lower decile =  0.755
	Upper decile =  1.170
	E Layer Screen Frequency  =  0.000 (MHz)
	Basic Loss (< 7000 km)    =  203.642 (dB)
	Median Field Strength     = -47.104 (dB(1 uV/m))
	Receiver Power            = -170.212 (dBW)
	Delay                     =  0.000 (mS)
	Elevation angle   =  31.835 (degs)
	Reflection height =  453.039 (km)
	Receiver Gain =  7.015 (dBi)
**********************************************************
*                      F2 Mode 9                         *
**********************************************************
	basic MUF  =  0.000 (MHz)
	10% MUF    =  0.000 (MHz)
	50% MUF    =  0.000 (MHz)
	90% MUF    =  0.000 (MHz)
	OPMUF      =  0.000 (MHz)
	10% OPMUF  =  0.000 (MHz)
	90% OPMUF  =  0.000 (MHz)
	Fprob        =  0.000 (%)
	Lower decile =  0.000
	Upper decile =  0.000
	E Layer Screen Frequency  =  0.000 (MHz)
	Basic Loss (< 7000 km)    =  307.000 (dB)
	Median Field Strength     = -307.000 (dB(1 uV/m))
	Receiver Power            = -307.000 (dBW)
	Delay                     =  0.000 (mS)
	Elevation angle   =  0.000 (degs)
	Reflection height =  453.039 (km)
	Receiver Gain = -307.000 (dBi)
**********************************************************
*                      F2 Mode 10                         *
**********************************************************
	basic MUF  =  0.000 (MHz)
	10% MUF    =  0.000 (MHz)
	50% MUF    =  0.000 (MHz)
	90% MUF    =  0.000 (MHz)
	OPMUF      =  0.000 (MHz)
	10% OPMUF  =  0.000 (MHz)
	90% OPMUF  =  0.000 (MHz)
	Fprob        =  0.000 (%)
	Lower decile =  0.000
	Upper decile =  0.000
	E Layer Screen Frequency  =  0.000 (MHz)
	Basic Loss (< 7000 km)    =  307.000 (dB)
	Median Field Strength     = -307.000 (dB(1 uV/m))
	Receiver Power            = -307.000 (dBW)
	Delay                     =  0.000 (mS)
	Elevation angle   =  0.000 (degs)
	Reflection height =  453.039 (km)
	Receiver Gain = -307.000 (dBi)
**********************************************************
*                      F2 Mode 11                         *
**********************************************************
	basic MUF  =  0.000 (MHz)
	10% MUF    =  0.000 (MHz)
	50% MUF    =  0.000 (MHz)
	90% MUF    =  0.000 (MHz)
	OPMUF      =  0.000 (MHz)
	10% OPMUF  =  0.000 (MHz)
	90% OPMUF  =  0.000 (MHz)
	Fprob        =  0.000 (%)
	Lower decile =  0.000
	Upper decile =  0.000
	E Layer Screen Frequency  =  0.000 (MHz)
	Basic Loss (< 7000 km)    =  307.000 (dB)
	Median Field Strength     = -307.000 (dB(1 uV/m))
	Receiver Power            = -307.000 (dBW)
	Delay                     =  0.000 (mS)
	Elevation angle   =  0.000 (degs)
	Reflection height =  453.039 (km)
	Receiver Gain = -307.000 (dBi)
**********************************************************
*                       E Mode 1                         *
**********************************************************
	basic MUF  =  0.000 (MHz)
	10% MUF    =  0.000 (MHz)
	50% MUF    =  0.000 (MHz)
	90% MUF    =  0.000 (MHz)
	OPMUF      =  0.000 (MHz)
	10% OPMUF  =  0.000 (MHz)
	90% OPMUF  =  0.000 (MHz)
	Fprob        =  0.000 (%)
	Lower decile =  0.000
	Upper decile =  0.000
	Basic Loss (< 7000 km)    =  307.000 (dB)
	Median Field Strength     = -307.000 (dB(1 uV/m))
	Receiver Power            = -307.000 (dBW)
	Delay                     =  0.000 (mS)
	Elevation angle   =  0.000 (degs)
	Reflection height =  0.000 (km)
	Receiver Gain = -307.000 (dBi)
**********************************************************
*                       E Mode 2                         *
**********************************************************
	basic MUF  =  0.000 (MHz)
	10% MUF    =  0.000 (MHz)
	50% MUF    =  0.000 (MHz)
	90% MUF    =  0.000 (MHz)
	OPMUF      =  0.000 (MHz)
	10% OPMUF  =  0.000 (MHz)
	90% OPMUF  =  0.000 (MHz)
	Fprob        =  0.000 (%)
	Lower decile =  0.000
	Upper decile =  0.000
	Basic Loss (< 7000 km)    =  307.000 (dB)
	Median Field Strength     = -307.000 (dB(1 uV/m))
	Receiver Power            = -307.000 (dBW)
	Delay                     =  0.000 (mS)
	Elevation angle   =  0.000 (degs)
	Reflection height =  0.000 (km)
	Receiver Gain = -307.000 (dBi)
**********************************************************
*                       E Mode 3                         *
**********************************************************
	basic MUF  =  0.000 (MHz)
	10% MUF    =  0.000 (MHz)
	50% MUF    =  0.000 (MHz)
	90% MUF    =  0.000 (MHz)
	OPMUF      =  0.000 (MHz)
	10% OPMUF  =  0.000 (MHz)
	90% OPMUF  =  0.000 (MHz)
	Fprob        =  0.000 (%)
	Lower decile =  0.000
	Upper decile =  0.000
	Basic Loss (< 7000 km)    =  307.000 (dB)
	Median Field Strength     = -307.000 (dB(1 uV/m))
	Receiver Power            = -307.000 (dBW)
	Delay                     =  0.000 (mS)
	Elevation angle   =  0.000 (degs)
	Reflection height =  0.000 (km)
	Receiver Gain = -307.000 (dBi)
**********************************************************
*                       E Mode 4                         *
**********************************************************
	basic MUF  =  0.000 (MHz)
	10% MUF    =  0.000 (MHz)
	50% MUF    =  0.000 (MHz)
	90% MUF    =  0.000 (MHz)
	OPMUF      =  0.000 (MHz)
	10% OPMUF  =  0.000 (MHz)
	90% OPMUF  =  0.000 (MHz)
	Fprob        =  0.000 (%)
	Lower decile =  0.000
	Upper decile =  0.000
	Basic Loss (< 7000 km)    =  307.000 (dB)
	Median Field Strength     = -307.000 (dB(1 uV/m))
	Receiver Power            = -307.000 (dBW)
	Delay                     =  0.000 (mS)
	Elevation angle   =  0.000 (degs)
	Reflection height =  0.000 (km)
	Receiver Gain = -307.000 (dBi)
**********************************************************
*            Control Point   -      T + 1000             *
**********************************************************
	Latitude	=	 0.307	( 17.605)	[17 36 19]
	Longitude	=	-1.069	(-61.239)	[-61 14 22]
	distance =  1000.000
	Magnetic dip (100 km)  =  49.189 (deg)
	Gyrofrequency (100 km) =  1.137 (MHz)
	Magnetic dip (300 km)  =  49.064 (deg)
	Gyrofrequency (300 km) =  1.029 (MHz)
	M(3000)F2 =  3.011
	foE   =  0.635 (MHz)
	foF2  =  5.290 (MHz)
	solar zenith angle =  122.628 (deg)
	solar declination  =  18.558 (deg)
	solar hour angle   = -225.313 (deg)
	equation of time   =  3.706 (minutes)
	local sunrise      =  9:33 (UTC)  5:33 (Local)
	local solar noon   =  16:01 (UTC)  12:01 (Local)
	local sunset       =  22:29 (UTC)  18:29 (Local)
	local time         =  1:00 (UTC) -3:00 (Local)
**********************************************************
*            Control Point   -      T + d0/2             *
**********************************************************
	Latitude	=	 0.336	( 19.252)	[19 15 6]
	Longitude	=	-1.045	(-59.856)	[-59 51 20]
	distance =  1234.147
	Magnetic dip (100 km)  =  50.674 (deg)
	Gyrofrequency (100 km) =  1.155 (MHz)
	Magnetic dip (300 km)  =  50.560 (deg)
	Gyrofrequency (300 km) =  1.046 (MHz)
	M(3000)F2 =  3.016
	foE   =  0.623 (MHz)
	foF2  =  5.219 (MHz)
	solar zenith angle =  122.658 (deg)
	solar declination  =  18.558 (deg)
	solar hour angle   = -223.929 (deg)
	equation of time   =  3.706 (minutes)
	local sunrise      =  9:25 (UTC)  6:25 (Local)
	local solar noon   =  15:55 (UTC)  12:55 (Local)
	local sunset       =  22:26 (UTC)  19:26 (Local)
	local time         =  1:00 (UTC) -2:00 (Local)
**********************************************************
*            Control Point   -       MidPath             *
**********************************************************
	Latitude	=	 0.623	( 35.683)	[35 41 0]
	Longitude	=	-0.749	(-42.915)	[-42 54 55]
	distance =  3702.441
	Magnetic dip (100 km)  =  60.521 (deg)
	Gyrofrequency (100 km) =  1.256 (MHz)
	Magnetic dip (300 km)  =  60.592 (deg)
	Gyrofrequency (300 km) =  1.146 (MHz)
	M(3000)F2 =  3.039
	foE   =  0.486 (MHz)
	foF2  =  4.097 (MHz)
	reflection height  =  314.239 (km)
	solar zenith angle =  120.034 (deg)
	solar declination  =  18.558 (deg)
	solar hour angle   = -206.989 (deg)
	equation of time   =  3.706 (minutes)
	local sunrise      =  7:47 (UTC)  5:47 (Local)
	local solar noon   =  14:47 (UTC)  12:47 (Local)
	local sunset       =  21:48 (UTC)  19:48 (Local)
	local time         =  1:00 (UTC) -1:00 (Local)
**********************************************************
*            Control Point   -      R - d0/2             *
**********************************************************
	Latitude	=	 0.849	( 48.627)	[48 37 38]
	Longitude	=	-0.320	(-18.321)	[-18 19 16]
	distance =  6170.736
	Magnetic dip (100 km)  =  66.119 (deg)
	Gyrofrequency (100 km) =  1.270 (MHz)
	Magnetic dip (300 km)  =  66.047 (deg)
	Gyrofrequency (300 km) =  1.165 (MHz)
	M(3000)F2 =  3.009
	foE   =  0.397 (MHz)
	foF2  =  3.021 (MHz)
	solar zenith angle =  112.780 (deg)
	solar declination  =  18.558 (deg)
	solar hour angle   = -182.395 (deg)
	equation of time   =  3.706 (minutes)
	local sunrise      =  5:34 (UTC)  4:34 (Local)
	local solar noon   =  13:09 (UTC)  12:09 (Local)
	local sunset       =  20:44 (UTC)  19:44 (Local)
	local time         =  1:00 (UTC)  0:00 (Local)
**********************************************************
*            Control Point   -     R - 1000              *
**********************************************************
	Latitude	=	 0.864	( 49.532)	[49 31 54]
	Longitude	=	-0.269	(-15.418)	[-15 25 3]
	distance =  6404.883
	Magnetic dip (100 km)  =  66.514 (deg)
	Gyrofrequency (100 km) =  1.271 (MHz)
	Magnetic dip (300 km)  =  66.420 (deg)
	Gyrofrequency (300 km) =  1.167 (MHz)
	M(3000)F2 =  3.005
	foE   =  0.397 (MHz)
	foF2  =  2.978 (MHz)
	solar zenith angle =  111.909 (deg)
	solar declination  =  18.558 (deg)
	solar hour angle   = -179.491 (deg)
	equation of time   =  3.706 (minutes)
	local sunrise      =  5:19 (UTC)  4:19 (Local)
	local solar noon   =  12:57 (UTC)  11:57 (Local)
	local sunset       =  20:36 (UTC)  19:36 (Local)
	local time         =  1:00 (UTC)  0:00 (Local)
**********************************************************
*               End DumpPathData()                       *
**********************************************************
**********************************************************
*      DumpPathData - p533() Path data structure         *
**********************************************************
**********************************************************
*                 Input Parameters                       *
**********************************************************
	United Kingdom to Caracas
	Year = 2018
	Month = May
	Hour  = 4 (hour UTC)
	SSN (R12) = 10
	Tx power = -10.000 (dB(1kW))
	Tx Location Caracas
	Tx latitude  =  0.183 ( 10.480) [ 10 28 48]
	Tx longitude = -1.168 (-66.900) [-66 54 0]
	Rx Location Birmingham
	Rx latitude  =  0.916 ( 52.486) [ 52 29 10]
	Rx longitude = -0.033 (-1.890) [-1 53 25]
	local time Rx   =  4 
	local time Tx   =  0 
	Frequency =  14.000 (MHz)
	Bandwidth =  1.000 (Hz)
	Short or Long Path = Short
	Modulation = ANALOG
	Required signal-to-noise ratio =  31.000
	Required Reliability (%) =  90
	Required signal-to-interference ratio =  0.000
	Man-made noise = RESIDENTIAL
	Antenna configuration: Transmitter main beam to receiver main beam
	Transmit antenna 14 MHz Dipole at 10 m AAGL    
	Transmit antenna bearing = 36.972583
	Transmit antenna gain offset = 0.000000
	Receive antenna  14 MHz Dipole at 10 m AAGL    
	Receive antenna bearing = 256.209991
	Receive antenna gain offset = 0.000000
**********************************************************
*                 Calculated Parameters                  *
**********************************************************
****************** Distances (km) ************************
	distance =  7404.883
	slant range =  7776.563
	dmax     =  4000.000
************ Maximum Usable Frequencies (MHz) ************
	basic MUF       =  8.807
	10% MUF         =  10.410
	50% MUF         =  8.807
	90% MUF         =  6.959
	Operational MUF =  10.568
	10% OPMUF       =  12.492
	90% OPMUF       =  8.350
********* Lowest Order and Dominant Mode *****************
	lowest order F2 layer mode =  3
	lowest order E layer mode = No Mode
	No Dominant mode for this path length
************************ Season ***************************
	season = Summer
****** Field Strength (dB(1 uV/m)) and Rx Power (dBW) *****
	Field Strength (7000 km > D)           = -22.498
	Field Strength (7000 km < D < 9000 km) = -26.815
	Field Strength           (D > 9000 km) = -49.859
	Median Rx power = -154.575
**************** Rx Elevation Angle (degs)****************
	Rx Elevation angle =  8.000
***************** Short Path Parameters *******************
	"Not otherwise included loss" (dB) =  8.720
***************** Long Path Parameters *******************
	Free-space Field Strength 3 MW e.i.r.p. (dB(1uV/m) =  61.784
	Increased Long Distance Field Strength due to Focusing (dB) =  1.026
	"Not otherwise included loss" (dB) = -0.140
	Upper Reference Frequency (MHz)      =  12.734
	Lower Reference Frequency (MHz)      =  1.571
	Correction Factor at T + dM/2        =  1.530
	Correction Factor at R - dM/2        =  1.587
	Max Antenna Gain G_tl (0 to 8 deg)   =  0.010
	Max Antenna Gain G_w (0 to 8 deg)    =  0.010
	Mean gyrofrequency (T + dM/2 & R - dM/2) =  1.106
	Scale factor f(f ,fL, fM, fH)        = -0.179
***************** Noise Parameters (dB) *******************
	Atmospheric noise upper decile =  6.325
	Atmospheric noise lower decile =  5.656
	Atmospheric noise              =  25.328
	Man made noise upper decile    =  10.600
	Man made noise lower decile    =  5.300
	Man made noise                 =  40.752
	Galactic noise upper decile    =  2.000
	Galactic noise lower decile    =  2.000
	Galactic noise                 =  25.639
	Total noise upper decile       =  10.560
	Total noise lower decile       =  5.128
	Total noise                    =  40.874
********************** SNR Parameters (dB) *************************************
	Monthly median resultant signal-to-noise ratio =  8.551
	Upper decile deviation signal-to-noise ratio   =  13.989
	Lower decile deviation signal-to-noise ratio   =  15.377
	Signal-to-noise exceeded for 90% of the month  = -6.826
********************** SIR Parameters (dB) *************************************
	Signal-to-interference ratio = -307.000
	Upper decile deviation of the signal-to-interference ratio = -307.000
	Lower decile deviation of the signal-to-interference ratio = -307.000
******************** Reliability Parameters (%) *******************************
	Basic Circuit Reliability                      =  0.713
	Multimode Interference                         = -307.000
	Overall Circuit Reliability without scattering =  0.000
	Overall Circuit Reliability with scattering    =  0.000
	Probability of scattering                      =  0.000
	Probability required SNR is achieved                      =  0.000
	Probability required time spread T0 is not exceeded       =  0.000
	Probability required frequency spread f0 is not exceeded  =  0.000
**********************************************************
*                      F2 Mode 1                         *
**********************************************************
	basic MUF  =  0.000 (MHz)
	10% MUF    =  0.000 (MHz)
	50% MUF    =  0.000 (MHz)
	90% MUF    =  0.000 (MHz)
	OPMUF      =  0.000 (MHz)
	10% OPMUF  =  0.000 (MHz)
	90% OPMUF  =  0.000 (MHz)
	Fprob        =  0.000 (%)
	Lower decile =  0.000
	Upper decile =  0.000
	E Layer Screen Frequency  =  0.000 (MHz)
	Basic Loss (< 7000 km)    =  307.000 (dB)
	Median Field Strength     = -307.000 (dB(1 uV/m))
	Receiver Power            = -307.000 (dBW)
	Delay                     =  0.000 (mS)
	Elevation angle   =  0.000 (degs)
	Reflection height =  0.000 (km)
	Receiver Gain = -307.000 (dBi)
**********************************************************
*                      F2 Mode 2                         *
**********************************************************
	basic MUF  =  0.000 (MHz)
	10% MUF    =  0.000 (MHz)
	50% MUF    =  0.000 (MHz)
	90% MUF    =  0.000 (MHz)
	OPMUF      =  0.000 (MHz)
	10% OPMUF  =  0.000 (MHz)
	90% OPMUF  =  0.000 (MHz)
	Fprob        =  0.000 (%)
	Lower decile =  0.000
	Upper decile =  0.000
	E Layer Screen Frequency  =  0.000 (MHz)
	Basic Loss (< 7000 km)    =  307.000 (dB)
	Median Field Strength     = -307.000 (dB(1 uV/m))
	Receiver Power            = -307.000 (dBW)
	Delay                     =  0.000 (mS)
	Elevation angle   =  0.000 (degs)
	Reflection height =  0.000 (km)
	Receiver Gain = -307.000 (dBi)
**********************************************************
*                      F2 Mode 3                         *
**********************************************************
	basic MUF  =  8.807 (MHz)
	10% MUF    =  10.410 (MHz)
	50% MUF    =  8.807 (MHz)
	90% MUF    =  6.959 (MHz)
	OPMUF      =  10.568 (MHz)
	10% OPMUF  =  12.492 (MHz)
	90% OPMUF  =  8.350 (MHz)
	Fprob        =  0.000 (%)
	Lower decile =  0.790
	Upper decile =  1.182
	E Layer Screen Frequency  =  0.000 (MHz)
	Basic Loss (< 7000 km)    =  174.512 (dB)
	Median Field Strength     = -24.421 (dB(1 uV/m))
	Receiver Power            = -153.976 (dBW)
	Delay                     =  0.000 (mS)
	Elevation angle   =  8.613 (degs)
	Reflection height =  472.293 (km)
	Receiver Gain =  0.568 (dBi)
**********************************************************
*                      F2 Mode 4                         *
**********************************************************
	basic MUF  =  7.562 (MHz)
	10% MUF    =  8.938 (MHz)
	50% MUF    =  7.562 (MHz)
	90% MUF    =  5.975 (MHz)
	OPMUF      =  9.074 (MHz)
	10% OPMUF  =  10.726 (MHz)
	90% OPMUF  =  7.170 (MHz)
	Fprob        =  0.000 (%)
	Lower decile =  0.790
	Upper decile =  1.182
	E Layer Screen Frequency  =  0.000 (MHz)
	Basic Loss (< 7000 km)    =  182.296 (dB)
	Median Field Strength     = -28.512 (dB(1 uV/m))
	Receiver Power            = -154.373 (dBW)
	Delay                     =  0.000 (mS)
	Elevation angle   =  14.458 (degs)
	Reflection height =  472.293 (km)
	Receiver Gain =  4.261 (dBi)
**********************************************************
*                      F2 Mode 5                         *
**********************************************************
	basic MUF  =  6.650 (MHz)
	10% MUF    =  7.860 (MHz)
	50% MUF    =  6.650 (MHz)
	90% MUF    =  5.254 (MHz)
	OPMUF      =  7.980 (MHz)
	10% OPMUF  =  9.432 (MHz)
	90% OPMUF  =  6.305 (MHz)
	Fprob        =  0.000 (%)
	Lower decile =  0.790
	Upper decile =  1.182
	E Layer Screen Frequency  =  0.000 (MHz)
	Basic Loss (< 7000 km)    =  189.179 (dB)
	Median Field Strength     = -33.726 (dB(1 uV/m))
	Receiver Power            = -157.914 (dBW)
	Delay                     =  0.000 (mS)
	Elevation angle   =  19.522 (degs)
	Reflection height =  472.293 (km)
	Receiver Gain =  5.934 (dBi)
**********************************************************
*                      F2 Mode 6                         *
**********************************************************
	basic MUF  =  5.997 (MHz)
	10% MUF    =  7.089 (MHz)
	50% MUF    =  5.997 (MHz)
	90% MUF    =  4.739 (MHz)
	OPMUF      =  7.197 (MHz)
	10% OPMUF  =  8.507 (MHz)
	90% OPMUF  =  5.687 (MHz)
	Fprob        =  0.000 (%)
	Lower decile =  0.790
	Upper decile =  1.182
	E Layer Screen Frequency  =  0.000 (MHz)
	Basic Loss (< 7000 km)    =  195.206 (dB)
	Median Field Strength     = -38.957 (dB(1 uV/m))
	Receiver Power            = -162.353 (dBW)
	Delay                     =  0.000 (mS)
	Elevation angle   =  24.059 (degs)
	Reflection height =  472.293 (km)
	Receiver Gain =  6.727 (dBi)
**********************************************************
*                      F2 Mode 7                         *
**********************************************************
	basic MUF  =  5.526 (MHz)
	10% MUF    =  6.532 (MHz)
	50% MUF    =  5.526 (MHz)
	90% MUF    =  4.367 (MHz)
	OPMUF      =  6.631 (MHz)
	10% OPMUF  =  7.839 (MHz)
	90% OPMUF  =  5.240 (MHz)
	Fprob        =  0.000 (%)
	Lower decile =  0.790
	Upper decile =  1.182
	E Layer Screen Frequency  =  0.000 (MHz)
	Basic Loss (< 7000 km)    =  200.523 (dB)
	Median Field Strength     = -43.977 (dB(1 uV/m))
	Receiver Power            = -167.076 (dBW)
	Delay                     =  0.000 (mS)
	Elevation angle   =  28.176 (degs)
	Reflection height =  472.293 (km)
	Receiver Gain =  7.024 (dBi)
**********************************************************
*                      F2 Mode 8                         *
**********************************************************
	basic MUF  =  5.179 (MHz)
	10% MUF    =  6.122 (MHz)
	50% MUF    =  5.179 (MHz)
	90% MUF    =  4.092 (MHz)
	OPMUF      =  6.215 (MHz)
	10% OPMUF  =  7.347 (MHz)
	90% OPMUF  =  4.911 (MHz)
	Fprob        =  0.000 (%)
	Lower decile =  0.790
	Upper decile =  1.182
	E Layer Screen Frequency  =  0.000 (MHz)
	Basic Loss (< 7000 km)    =  205.272 (dB)
	Median Field Strength     = -48.737 (dB(1 uV/m))
	Receiver Power            = -171.847 (dBW)
	Delay                     =  0.000 (mS)
	Elevation angle   =  31.928 (degs)
	Reflection height =  472.293 (km)
	Receiver Gain =  7.012 (dBi)
**********************************************************
*                      F2 Mode 9                         *
**********************************************************
	basic MUF  =  0.000 (MHz)
	10% MUF    =  0.000 (MHz)
	50% MUF    =  0.000 (MHz)
	90% MUF    =  0.000 (MHz)
	OPMUF      =  0.000 (MHz)
	10% OPMUF  =  0.000 (MHz)
	90% OPMUF  =  0.000 (MHz)
	Fprob        =  0.000 (%)
	Lower decile =  0.000
	Upper decile =  0.000
	E Layer Screen Frequency  =  0.000 (MHz)
	Basic Loss (< 7000 km)    =  307.000 (dB)
	Median Field Strength     = -307.000 (dB(1 uV/m))
	Receiver Power            = -307.000 (dBW)
	Delay                     =  0.000 (mS)
	Elevation angle   =  0.000 (degs)
	Reflection height =  472.293 (km)
	Receiver Gain = -307.000 (dBi)
**********************************************************
*                      F2 Mode 10                         *
**********************************************************
	basic MUF  =  0.000 (MHz)
	10% MUF    =  0.000 (MHz)
	50% MUF    =  0.000 (MHz)
	90% MUF    =  0.000 (MHz)
	OPMUF      =  0.000 (MHz)
	10% OPMUF  =  0.000 (MHz)
	90% OPMUF  =  0.000 (MHz)
	Fprob        =  0.000 (%)
	Lower decile =  0.000
	Upper decile =  0.000
	E Layer Screen Frequency  =  0.000 (MHz)
	Basic Loss (< 7000 km)    =  307.000 (dB)
	Median Field Strength     = -307.000 (dB(1 uV/m))
	Receiver Power            = -307.000 (dBW)
	Delay                     =  0.000 (mS)
	Elevation angle   =  0.000 (degs)
	Reflection height =  472.293 (km)
	Receiver Gain = -307.000 (dBi)
**********************************************************
*                      F2 Mode 11                         *
**********************************************************
	basic MUF  =  0.000 (MHz)
	10% MUF    =  0.000 (MHz)
	50% MUF    =  0.000 (MHz)
	90% MUF    =  0.000 (MHz)
	OPMUF      =  0.000 (MHz)
	10% OPMUF  =  0.000 (MHz)
	90% OPMUF  =  0.000 (MHz)
	Fprob        =  0.000 (%)
	Lower decile =  0.000
	Upper decile =  0.000
	E Layer Screen Frequency  =  0.000 (MHz)
	Basic Loss (< 7000 km)    =  307.000 (dB)
	Median Field Strength     = -307.000 (dB(1 uV/m))
	Receiver Power            = -307.000 (dBW)
	Delay                     =  0.000 (mS)
	Elevation angle   =  0.000 (degs)
	Reflection height =  472.293 (km)
	Receiver Gain = -307.000 (dBi)
**********************************************************
*                       E Mode 1                         *
**********************************************************
	basic MUF  =  0.000 (MHz)
	10% MUF    =  0.000 (MHz)
	50% MUF    =  0.000 (MHz)
	90% MUF    =  0.000 (MHz)
	OPMUF      =  0.000 (MHz)
	10% OPMUF  =  0.000 (MHz)
	90% OPMUF  =  0.000 (MHz)
	Fprob        =  0.000 (%)
	Lower decile =  0.000
	Upper decile =  0.000
	Basic Loss (< 7000 km)    =  307.000 (dB)
	Median Field Strength     = -307.000 (dB(1 uV/m))
	Receiver Power            = -307.000 (dBW)
	Delay                     =  0.000 (mS)
	Elevation angle   =  0.000 (degs)
	Reflection height =  0.000 (km)
	Receiver Gain = -307.000 (dBi)
**********************************************************
*                       E Mode 2                         *
**********************************************************
	basic MUF  =  0.000 (MHz)
	10% MUF    =  0.000 (MHz)
	50% MUF    =  0.000 (MHz)
	90% MUF    =  0.000 (MHz)
	OPMUF      =  0.000 (MHz)
	10% OPMUF  =  0.000 (MHz)
	90% OPMUF  =  0.000 (MHz)
	Fprob        =  0.000 (%)
	Lower decile =  0.000
	Upper decile =  0.000
	Basic Loss (< 7000 km)    =  307.000 (dB)
	Median Field Strength     = -307.000 (dB(1 uV/m))
	Receiver Power            = -307.000 (dBW)
	Delay                     =  0.000 (mS)
	Elevation angle   =  0.000 (degs)
	Reflection height =  0.000 (km)
	Receiver Gain = -307.000 (dBi)
**********************************************************
*                       E Mode 3                         *
**********************************************************
	basic MUF  =  0.000 (MHz)
	10% MUF    =  0.000 (MHz)
	50% MUF    =  0.000 (MHz)
	90% MUF    =  0.000 (MHz)
	OPMUF      =  0.000 (MHz)
	10% OPMUF  =  0.000 (MHz)
	90% OPMUF  =  0.000 (MHz)
	Fprob        =  0.000 (%)
	Lower decile =  0.000
	Upper decile =  0.000
	Basic Loss (< 7000 km)    =  307.000 (dB)
	Median Field Strength     = -307.000 (dB(1 uV/m))
	Receiver Power            = -307.000 (dBW)
	Delay                     =  0.000 (mS)
	Elevation angle   =  0.000 (degs)
	Reflection height =  0.000 (km)
	Receiver Gain = -307.000 (dBi)
**********************************************************
*                       E Mode 4                         *
**********************************************************
	basic MUF  =  0.000 (MHz)
	10% MUF    =  0.000 (MHz)
	50% MUF    =  0.000 (MHz)
	90% MUF    =  0.000 (MHz)
	OPMUF      =  0.000 (MHz)
	10% OPMUF  =  0.000 (MHz)
	90% OPMUF  =  0.000 (MHz)
	Fprob        =  0.000 (%)
	Lower decile =  0.000
	Upper decile =  0.000
	Basic Loss (< 7000 km)    =  307.000 (dB)
	Median Field Strength     = -307.000 (dB(1 uV/m))
	Receiver Power            = -307.000 (dBW)
	Delay                     =  0.000 (mS)
	Elevation angle   =  0.000 (degs)
	Reflection height =  0.000 (km)
	Receiver Gain = -307.000 (dBi)
**********************************************************
*            Control Point   -      T + 1000             *
**********************************************************
	Latitude	=	 0.307	( 17.605)	[17 36 19]
	Longitude	=	-1.069	(-61.239)	[-61 14 22]
	distance =  1000.000
	Magnetic dip (100 km)  =  49.189 (deg)
	Gyrofrequency (100 km) =  1.137 (MHz)
	Magnetic dip (300 km)  =  49.064 (deg)
	Gyrofrequency (300 km) =  1.029 (MHz)
	M(3000)F2 =  3.040
	foE   =  0.397 (MHz)
	foF2  =  4.554 (MHz)
	solar zenith angle =  140.809 (deg)
	solar declination  =  18.579 (deg)
	solar hour angle   = -195.313 (deg)
	equation of time   =  3.705 (minutes)
	local sunrise      =  9:33 (UTC)  5:33 (Local)
	local solar noon   =  16:01 (UTC)  12:01 (Local)
	local sunset       =  22:29 (UTC)  18:29 (Local)
	local time         =  3:00 (UTC) -1:00 (Local)
**********************************************************
*            Control Point   -      T + d0/2             *
**********************************************************
	Latitude	=	 0.336	( 19.252)	[19 15 6]
	Longitude	=	-1.045	(-59.856)	[-59 51 20]
	distance =  1234.147
	Magnetic dip (100 km)  =  50.674 (deg)
	Gyrofrequency (100 km) =  1.155 (MHz)
	Magnetic dip (300 km)  =  50.560 (deg)
	Gyrofrequency (300 km) =  1.046 (MHz)
	M(3000)F2 =  3.038
	foE   =  0.397 (MHz)
	foF2  =  4.436 (MHz)
	solar zenith angle =  139.775 (deg)
	solar declination  =  18.579 (deg)
	solar hour angle   = -193.929 (deg)
	equation of time   =  3.705 (minutes)
	local sunrise      =  9:24 (UTC)  6:24 (Local)
	local solar noon   =  15:55 (UTC)  12:55 (Local)
	local sunset       =  22:26 (UTC)  19:26 (Local)
	local time         =  3:00 (UTC)  0:00 (Local)
**********************************************************
*            Control Point   -       MidPath             *
**********************************************************
	Latitude	=	 0.623	( 35.683)	[35 41 0]
	Longitude	=	-0.749	(-42.915)	[-42 54 55]
	distance =  3702.441
	Magnetic dip (100 km)  =  60.521 (deg)
	Gyrofrequency (100 km) =  1.256 (MHz)
	Magnetic dip (300 km)  =  60.592 (deg)
	Gyrofrequency (300 km) =  1.146 (MHz)
	M(3000)F2 =  2.996
	foE   =  0.397 (MHz)
	foF2  =  3.371 (MHz)
	reflection height  =  321.382 (km)
	solar zenith angle =  125.663 (deg)
	solar declination  =  18.579 (deg)
	solar hour angle   = -176.989 (deg)
	equation of time   =  3.705 (minutes)
	local sunrise      =  7:47 (UTC)  5:47 (Local)
	local solar noon   =  14:47 (UTC)  12:47 (Local)
	local sunset       =  21:48 (UTC)  19:48 (Local)
	local time         =  3:00 (UTC)  1:00 (Local)
**********************************************************
*            Control Point   -      R - d0/2             *
**********************************************************
	Latitude	=	 0.849	( 48.627)	[48 37 38]
	Longitude	=	-0.320	(-18.321)	[-18 19 16]
	distance =  6170.736
	Magnetic dip (100 km)  =  66.119 (deg)
	Gyrofrequency (100 km) =  1.270 (MHz)
	Magnetic dip (300 km)  =  66.047 (deg)
	Gyrofrequency (300 km) =  1.165 (MHz)
	M(3000)F2 =  3.002
	foE   =  0.418 (MHz)
	foF2  =  2.851 (MHz)
	solar zenith angle =  108.427 (deg)
	solar declination  =  18.579 (deg)
	solar hour angle   = -152.395 (deg)
	equation of time   =  3.705 (minutes)
	local sunrise      =  5:34 (UTC)  4:34 (Local)
	local solar noon   =  13:09 (UTC)  12:09 (Local)
	local sunset       =  20:45 (UTC)  19:45 (Local)
	local time         =  3:00 (UTC)  2:00 (Local)
**********************************************************
*            Control Point   -     R - 1000              *
**********************************************************
	Latitude	=	 0.864	( 49.532)	[49 31 54]
	Longitude	=	-0.269	(-15.418)	[-15 25 3]
	distance =  6404.883
	Magnetic dip (100 km)  =  66.514 (deg)
	Gyrofrequency (100 km) =  1.271 (MHz)
	Magnetic dip (300 km)  =  66.420 (deg)
	Gyrofrequency (300 km) =  1.167 (MHz)
	M(3000)F2 =  3.007
	foE   =  0.470 (MHz)
	foF2  =  2.867 (MHz)
	solar zenith angle =  106.717 (deg)
	solar declination  =  18.579 (deg)
	solar hour angle   = -149.491 (deg)
	equation of time   =  3.705 (minutes)
	local sunrise      =  5:19 (UTC)  4:19 (Local)
	local solar noon   =  12:57 (UTC)  11:57 (Local)
	local sunset       =  20:36 (UTC)  19:36 (Local)
	local time         =  3:00 (UTC)  2:00 (Local)
**********************************************************
*               End DumpPathData()                       *
**********************************************************
**********************************************************
*      DumpPathData - p533() Path data structure         *
**********************************************************
**********************************************************
*                 Input Parameters                       *
**********************************************************
	United Kingdom to Caracas
	Year = 2018
	Month = May
	Hour  = 6 (hour UTC)
	SSN (R12) = 10
	Tx power = -10.000 (dB(1kW))
	Tx Location Caracas
	Tx latitude  =  0.183 ( 10.480) [ 10 28 48]
	Tx longitude = -1.168 (-66.900) [-66 54 0]
	Rx Location Birmingham
	Rx latitude  =  0.916 ( 52.486) [ 52 29 10]
	Rx longitude = -0.033 (-1.890) [-1 53 25]
	local time Rx   =  6 
	local time Tx   =  2 
	Frequency =  14.000 (MHz)
	Bandwidth =  1.000 (Hz)
	Short or Long Path = Short
	Modulation = ANALOG
	Required signal-to-noise ratio =  31.000
	Required Reliability (%) =  90
	Required signal-to-interference ratio =  0.000
	Man-made noise = RESIDENTIAL
	Antenna configuration: Transmitter main beam to receiver main beam
	Transmit antenna 14 MHz Dipole at 10 m AAGL    
	Transmit antenna bearing = 36.972583
	Transmit antenna gain offset = 0.000000
	Receive antenna  14 MHz Dipole at 10 m AAGL    
	Receive antenna bearing = 256.209991
	Receive antenna gain offset = 0.000000
**********************************************************
*                 Calculated Parameters                  *
**********************************************************
****************** Distances (km) ************************
	distance =  7404.883
	slant range =  7776.563
	dmax     =  4000.000
************ Maximum Usable Frequencies (MHz) ************
	basic MUF       =  10.623
	10% MUF         =  12.806
	50% MUF         =  10.623
	90% MUF         =  9.030
	Operational MUF =  12.748
	10% OPMUF       =  15.367
	90% OPMUF       =  10.836
********* Lowest Order and Dominant Mode *****************
	lowest order F2 layer mode =  3
	lowest order E layer mode = No Mode
	No Dominant mode for this path length
************************ Season ***************************
	season = Summer
****** Field Strength (dB(1 uV/m)) and Rx Power (dBW) *****
	Field Strength (7000 km > D)           = -15.720
	Field Strength (7000 km < D < 9000 km) = -18.759
	Field Strength           (D > 9000 km) = -33.363
	Median Rx power = -146.688
**************** Rx Elevation Angle (degs)****************
	Rx Elevation angle =  8.000
***************** Short Path Parameters *******************
	"Not otherwise included loss" (dB) =  8.720
***************** Long Path Parameters *******************
	Free-space Field Strength 3 MW e.i.r.p. (dB(1uV/m) =  61.784
	Increased Long Distance Field Strength due to Focusing (dB) =  1.026
	"Not otherwise included loss" (dB) = -0.140
	Upper Reference Frequency (MHz)      =  14.763
	Lower Reference Frequency (MHz)      =  1.571
	Correction Factor at T + dM/2        =  1.546
	Correction Factor at R - dM/2        =  1.555
	Max Antenna Gain G_tl (0 to 8 deg)   =  0.010
	Max Antenna Gain G_w (0 to 8 deg)    =  0.010
	Mean gyrofrequency (T + dM/2 & R - dM/2) =  1.106
	Scale factor f(f ,fL, fM, fH)        =  0.088
***************** Noise Parameters (dB) *******************
	Atmospheric noise upper decile =  6.896
	Atmospheric noise lower decile =  5.905
	Atmospheric noise              =  26.261
	Man made noise upper decile    =  10.600
	Man made noise lower decile    =  5.300
	Man made noise                 =  40.752
	Galactic noise upper decile    =  2.000
	Galactic noise lower decile    =  2.000
	Galactic noise                 =  25.639
	Total noise upper decile       =  10.550
	Total noise lower decile       =  5.100
	Total noise                    =  40.904
********************** SNR Parameters (dB) *************************************
	Monthly median resultant signal-to-noise ratio =  16.408
	Upper decile deviation signal-to-noise ratio   =  14.860
	Lower decile deviation signal-to-noise ratio   =  16.500
	Signal-to-noise exceeded for 90% of the month  = -0.093
********************** SIR Parameters (dB) *************************************
	Signal-to-interference ratio = -307.000
	Upper decile deviation of the signal-to-interference ratio = -307.000
	Lower decile deviation of the signal-to-interference ratio = -307.000
******************** Reliability Parameters (%) *******************************
	Basic Circuit Reliability                      =  10.363
	Multimode Interference                         = -307.000
	Overall Circuit Reliability without scattering =  0.000
	Overall Circuit Reliability with scattering    =  0.000
	Probability of scattering                      =  0.000
	Probability required SNR is achieved                      =  0.000
	Probability required time spread T0 is not exceeded       =  0.000
	Probability required frequency spread f0 is not exceeded  =  0.000
**********************************************************
*                      F2 Mode 1                         *
**********************************************************
	basic MUF  =  0.000 (MHz)
	10% MUF    =  0.000 (MHz)
	50% MUF    =  0.000 (MHz)
	90% MUF    =  0.000 (MHz)
	OPMUF      =  0.000 (MHz)
	10% OPMUF  =  0.000 (MHz)
	90% OPMUF  =  0.000 (MHz)
	Fprob        =  0.000 (%)
	Lower decile =  0.000
	Upper decile =  0.000
	E Layer Screen Frequency  =  0.000 (MHz)
	Basic Loss (< 7000 km)    =  307.000 (dB)
	Median Field Strength     = -307.000 (dB(1 uV/m))
	Receiver Power            = -307.000 (dBW)
	Delay                     =  0.000 (mS)
	Elevation angle   =  0.000 (degs)
	Reflection height =  0.000 (km)
	Receiver Gain = -307.000 (dBi)
**********************************************************
*                      F2 Mode 2                         *
**********************************************************
	basic MUF  =  0.000 (MHz)
	10% MUF    =  0.000 (MHz)
	50% MUF    =  0.000 (MHz)
	90% MUF    =  0.000 (MHz)
	OPMUF      =  0.000 (MHz)
	10% OPMUF  =  0.000 (MHz)
	90% OPMUF  =  0.000 (MHz)
	Fprob        =  0.000 (%)
	Lower decile =  0.000
	Upper decile =  0.000
	E Layer Screen Frequency  =  0.000 (MHz)
	Basic Loss (< 7000 km)    =  307.000 (dB)
	Median Field Strength     = -307.000 (dB(1 uV/m))
	Receiver Power            = -307.000 (dBW)
	Delay                     =  0.000 (mS)
	Elevation angle   =  0.000 (degs)
	Reflection height =  0.000 (km)
	Receiver Gain = -307.000 (dBi)
**********************************************************
*                      F2 Mode 3                         *
**********************************************************
	basic MUF  =  10.623 (MHz)
	10% MUF    =  12.806 (MHz)
	50% MUF    =  10.623 (MHz)
	90% MUF    =  9.030 (MHz)
	OPMUF      =  12.748 (MHz)
	10% OPMUF  =  15.367 (MHz)
	90% OPMUF  =  10.836 (MHz)
	Fprob        =  0.014 (%)
	Lower decile =  0.850
	Upper decile =  1.205
	E Layer Screen Frequency  =  0.000 (MHz)
	Basic Loss (< 7000 km)    =  167.605 (dB)
	Median Field Strength     = -17.417 (dB(1 uV/m))
	Receiver Power            = -146.875 (dBW)
	Delay                     =  0.000 (mS)
	Elevation angle   =  8.719 (degs)
	Reflection height =  418.862 (km)
	Receiver Gain =  0.665 (dBi)
**********************************************************
*                      F2 Mode 4                         *
**********************************************************
	basic MUF  =  9.100 (MHz)
	10% MUF    =  10.970 (MHz)
	50% MUF    =  9.100 (MHz)
	90% MUF    =  7.735 (MHz)
	OPMUF      =  10.920 (MHz)
	10% OPMUF  =  13.164 (MHz)
	90% OPMUF  =  9.282 (MHz)
	Fprob        =  0.000 (%)
	Lower decile =  0.850
	Upper decile =  1.205
	E Layer Screen Frequency  =  0.000 (MHz)
	Basic Loss (< 7000 km)    =  175.905 (dB)
	Median Field Strength     = -22.061 (dB(1 uV/m))
	Receiver Power            = -147.863 (dBW)
	Delay                     =  0.000 (mS)
	Elevation angle   =  14.593 (degs)
	Reflection height =  416.040 (km)
	Receiver Gain =  4.321 (dBi)
**********************************************************
*                      F2 Mode 5                         *
**********************************************************
	basic MUF  =  7.969 (MHz)
	10% MUF    =  9.607 (MHz)
	50% MUF    =  7.969 (MHz)
	90% MUF    =  6.774 (MHz)
	OPMUF      =  9.563 (MHz)
	10% OPMUF  =  11.528 (MHz)
	90% OPMUF  =  8.128 (MHz)
	Fprob        =  0.000 (%)
	Lower decile =  0.850
	Upper decile =  1.205
	E Layer Screen Frequency  =  0.000 (MHz)
	Basic Loss (< 7000 km)    =  183.070 (dB)
	Median Field Strength     = -27.581 (dB(1 uV/m))
	Receiver Power            = -151.731 (dBW)
	Delay                     =  0.000 (mS)
	Elevation angle   =  19.682 (degs)
	Reflection height =  414.347 (km)
	Receiver Gain =  5.972 (dBi)
**********************************************************
*                      F2 Mode 6                         *
**********************************************************
	basic MUF  =  7.152 (MHz)
	10% MUF    =  8.622 (MHz)
	50% MUF    =  7.152 (MHz)
	90% MUF    =  6.079 (MHz)
	OPMUF      =  8.582 (MHz)
	10% OPMUF  =  10.346 (MHz)
	90% OPMUF  =  7.295 (MHz)
	Fprob        =  0.000 (%)
	Lower decile =  0.850
	Upper decile =  1.205
	E Layer Screen Frequency  =  0.000 (MHz)
	Basic Loss (< 7000 km)    =  189.293 (dB)
	Median Field Strength     = -33.024 (dB(1 uV/m))
	Receiver Power            = -156.401 (dBW)
	Delay                     =  0.000 (mS)
	Elevation angle   =  24.239 (degs)
	Reflection height =  413.219 (km)
	Receiver Gain =  6.746 (dBi)
**********************************************************
*                      F2 Mode 7                         *
**********************************************************
	basic MUF  =  6.558 (MHz)
	10% MUF    =  7.905 (MHz)
	50% MUF    =  6.558 (MHz)
	90% MUF    =  5.574 (MHz)
	OPMUF      =  7.869 (MHz)
	10% OPMUF  =  9.486 (MHz)
	90% OPMUF  =  6.689 (MHz)
	Fprob        =  0.000 (%)
	Lower decile =  0.850
	Upper decile =  1.205
	E Layer Screen Frequency  =  0.000 (MHz)
	Basic Loss (< 7000 km)    =  194.763 (dB)
	Median Field Strength     = -38.213 (dB(1 uV/m))
	Receiver Power            = -161.309 (dBW)
	Delay                     =  0.000 (mS)
	Elevation angle   =  28.371 (degs)
	Reflection height =  412.412 (km)
	Receiver Gain =  7.027 (dBi)
**********************************************************
*                      F2 Mode 8                         *
**********************************************************
	basic MUF  =  6.118 (MHz)
	10% MUF    =  7.375 (MHz)
	50% MUF    =  6.118 (MHz)
	90% MUF    =  5.200 (MHz)
	OPMUF      =  7.342 (MHz)
	10% OPMUF  =  8.850 (MHz)
	90% OPMUF  =  6.240 (MHz)
	Fprob        =  0.000 (%)
	Lower decile =  0.850
	Upper decile =  1.205
	E Layer Screen Frequency  =  0.000 (MHz)
	Basic Loss (< 7000 km)    =  199.632 (dB)
	Median Field Strength     = -43.104 (dB(1 uV/m))
	Receiver Power            = -166.222 (dBW)
	Delay                     =  0.000 (mS)
	Elevation angle   =  32.135 (degs)
	Reflection height =  411.808 (km)
	Receiver Gain =  7.005 (dBi)
**********************************************************
*                      F2 Mode 9                         *
**********************************************************
	basic MUF  =  0.000 (MHz)
	10% MUF    =  0.000 (MHz)
	50% MUF    =  0.000 (MHz)
	90% MUF    =  0.000 (MHz)
	OPMUF      =  0.000 (MHz)
	10% OPMUF  =  0.000 (MHz)
	90% OPMUF  =  0.000 (MHz)
	Fprob        =  0.000 (%)
	Lower decile =  0.000
	Upper decile =  0.000
	E Layer Screen Frequency  =  0.000 (MHz)
	Basic Loss (< 7000 km)    =  307.000 (dB)
	Median Field Strength     = -307.000 (dB(1 uV/m))
	Receiver Power            = -307.000 (dBW)
	Delay                     =  0.000 (mS)
	Elevation angle   =  0.000 (degs)
	Reflection height =  411.338 (km)
	Receiver Gain = -307.000 (dBi)
**********************************************************
*                      F2 Mode 10                         *
**********************************************************
	basic MUF  =  0.000 (MHz)
	10% MUF    =  0.000 (MHz)
	50% MUF    =  0.000 (MHz)
	90% MUF    =  0.000 (MHz)
	OPMUF      =  0.000 (MHz)
	10% OPMUF  =  0.000 (MHz)
	90% OPMUF  =  0.000 (MHz)
	Fprob        =  0.000 (%)
	Lower decile =  0.000
	Upper decile =  0.000
	E Layer Screen Frequency  =  0.000 (MHz)
	Basic Loss (< 7000 km)    =  307.000 (dB)
	Median Field Strength     = -307.000 (dB(1 uV/m))
	Receiver Power            = -307.000 (dBW)
	Delay                     =  0.000 (mS)
	Elevation angle   =  0.000 (degs)
	Reflection height =  410.961 (km)
	Receiver Gain = -307.000 (dBi)
**********************************************************
*                      F2 Mode 11                         *
**********************************************************
	basic MUF  =  0.000 (MHz)
	10% MUF    =  0.000 (MHz)
	50% MUF    =  0.000 (MHz)
	90% MUF    =  0.000 (MHz)
	OPMUF      =  0.000 (MHz)
	10% OPMUF  =  0.000 (MHz)
	90% OPMUF  =  0.000 (MHz)
	Fprob        =  0.000 (%)
	Lower decile =  0.000
	Upper decile =  0.000
	E Layer Screen Frequency  =  0.000 (MHz)
	Basic Loss (< 7000 km)    =  307.000 (dB)
	Median Field Strength     = -307.000 (dB(1 uV/m))
	Receiver Power            = -307.000 (dBW)
	Delay                     =  0.000 (mS)
	Elevation angle   =  0.000 (degs)
	Reflection height =  410.654 (km)
	Receiver Gain = -307.000 (dBi)
**********************************************************
*                       E Mode 1                         *
**********************************************************
	basic MUF  =  0.000 (MHz)
	10% MUF    =  0.000 (MHz)
	50% MUF    =  0.000 (MHz)
	90% MUF    =  0.000 (MHz)
	OPMUF      =  0.000 (MHz)
	10% OPMUF  =  0.000 (MHz)
	90% OPMUF  =  0.000 (MHz)
	Fprob        =  0.000 (%)
	Lower decile =  0.000
	Upper decile =  0.000
	Basic Loss (< 7000 km)    =  307.000 (dB)
	Median Field Strength     = -307.000 (dB(1 uV/m))
	Receiver Power            = -307.000 (dBW)
	Delay                     =  0.000 (mS)
	Elevation angle   =  0.000 (degs)
	Reflection height =  0.000 (km)
	Receiver Gain = -307.000 (dBi)
**********************************************************
*                       E Mode 2                         *
**********************************************************
	basic MUF  =  0.000 (MHz)
	10% MUF    =  0.000 (MHz)
	50% MUF    =  0.000 (MHz)
	90% MUF    =  0.000 (MHz)
	OPMUF      =  0.000 (MHz)
	10% OPMUF  =  0.000 (MHz)
	90% OPMUF  =  0.000 (MHz)
	Fprob        =  0.000 (%)
	Lower decile =  0.000
	Upper decile =  0.000
	Basic Loss (< 7000 km)    =  307.000 (dB)
	Median Field Strength     = -307.000 (dB(1 uV/m))
	Receiver Power            = -307.000 (dBW)
	Delay                     =  0.000 (mS)
	Elevation angle   =  0.000 (degs)
	Reflection height =  0.000 (km)
	Receiver Gain = -307.000 (dBi)
**********************************************************
*                       E Mode 3                         *
**********************************************************
	basic MUF  =  0.000 (MHz)
	10% MUF    =  0.000 (MHz)
	50% MUF    =  0.000 (MHz)
	90% MUF    =  0.000 (MHz)
	OPMUF      =  0.000 (MHz)
	10% OPMUF  =  0.000 (MHz)
	90% OPMUF  =  0.000 (MHz)
	Fprob        =  0.000 (%)
	Lower decile =  0.000
	Upper decile =  0.000
	Basic Loss (< 7000 km)    =  307.000 (dB)
	Median Field Strength     = -307.000 (dB(1 uV/m))
	Receiver Power            = -307.000 (dBW)
	Delay                     =  0.000 (mS)
	Elevation angle   =  0.000 (degs)
	Reflection height =  0.000 (km)
	Receiver Gain = -307.000 (dBi)
**********************************************************
*                       E Mode 4                         *
**********************************************************
	basic MUF  =  0.000 (MHz)
	10% MUF    =  0.000 (MHz)
	50% MUF    =  0.000 (MHz)
	90% MUF    =  0.000 (MHz)
	OPMUF      =  0.000 (MHz)
	10% OPMUF  =  0.000 (MHz)
	90% OPMUF  =  0.000 (MHz)
	Fprob        =  0.000 (%)
	Lower decile =  0.000
	Upper decile =  0.000
	Basic Loss (< 7000 km)    =  307.000 (dB)
	Median Field Strength     = -307.000 (dB(1 uV/m))
	Receiver Power            = -307.000 (dBW)
	Delay                     =  0.000 (mS)
	Elevation angle   =  0.000 (degs)
	Reflection height =  0.000 (km)
	Receiver Gain = -307.000 (dBi)
**********************************************************
*            Control Point   -      T + 1000             *
**********************************************************
	Latitude	=	 0.307	( 17.605)	[17 36 19]
	Longitude	=	-1.069	(-61.239)	[-61 14 22]
	distance =  1000.000
	Magnetic dip (100 km)  =  49.189 (deg)
	Gyrofrequency (100 km) =  1.137 (MHz)
	Magnetic dip (300 km)  =  49.064 (deg)
	Gyrofrequency (300 km) =  1.029 (MHz)
	M(3000)F2 =  3.063
	foE   =  0.397 (MHz)
	foF2  =  4.204 (MHz)
	solar zenith angle =  141.023 (deg)
	solar declination  =  18.599 (deg)
	solar hour angle   = -165.313 (deg)
	equation of time   =  3.704 (minutes)
	local sunrise      =  9:33 (UTC)  5:33 (Local)
	local solar noon   =  16:01 (UTC)  12:01 (Local)
	local sunset       =  22:29 (UTC)  18:29 (Local)
	local time         =  5:00 (UTC)  1:00 (Local)
**********************************************************
*            Control Point   -      T + d0/2             *
**********************************************************
	Latitude	=	 0.336	( 19.252)	[19 15 6]
	Longitude	=	-1.045	(-59.856)	[-59 51 20]
	distance =  1234.147
	Magnetic dip (100 km)  =  50.674 (deg)
	Gyrofrequency (100 km) =  1.155 (MHz)
	Magnetic dip (300 km)  =  50.560 (deg)
	Gyrofrequency (300 km) =  1.046 (MHz)
	M(3000)F2 =  3.047
	foE   =  0.397 (MHz)
	foF2  =  4.109 (MHz)
	solar zenith angle =  138.994 (deg)
	solar declination  =  18.599 (deg)
	solar hour angle   = -163.930 (deg)
	equation of time   =  3.704 (minutes)
	local sunrise      =  9:24 (UTC)  6:24 (Local)
	local solar noon   =  15:55 (UTC)  12:55 (Local)
	local sunset       =  22:26 (UTC)  19:26 (Local)
	local time         =  5:00 (UTC)  2:00 (Local)
**********************************************************
*            Control Point   -       MidPath             *
**********************************************************
	Latitude	=	 0.623	( 35.683)	[35 41 0]
	Longitude	=	-0.749	(-42.915)	[-42 54 55]
	distance =  3702.441
	Magnetic dip (100 km)  =  60.521 (deg)
	Gyrofrequency (100 km) =  1.256 (MHz)
	Magnetic dip (300 km)  =  60.592 (deg)
	Gyrofrequency (300 km) =  1.146 (MHz)
	M(3000)F2 =  2.987
	foE   =  0.397 (MHz)
	foF2  =  3.178 (MHz)
	reflection height  =  322.828 (km)
	solar zenith angle =  117.356 (deg)
	solar declination  =  18.599 (deg)
	solar hour angle   = -146.989 (deg)
	equation of time   =  3.704 (minutes)
	local sunrise      =  7:47 (UTC)  5:47 (Local)
	local solar noon   =  14:47 (UTC)  12:47 (Local)
	local sunset       =  21:48 (UTC)  19:48 (Local)
	local time         =  5:00 (UTC)  3:00 (Local)
**********************************************************
*            Control Point   -      R - d0/2             *
**********************************************************
	Latitude	=	 0.849	( 48.627)	[48 37 38]
	Longitude	=	-0.320	(-18.321)	[-18 19 16]
	distance =  6170.736
	Magnetic dip (100 km)  =  66.119 (deg)
	Gyrofrequency (100 km) =  1.270 (MHz)
	Magnetic dip (300 km)  =  66.047 (deg)
	Gyrofrequency (300 km) =  1.165 (MHz)
	M(3000)F2 =  3.080
	foE   =  1.030 (MHz)
	foF2  =  3.304 (MHz)
	solar zenith angle =  95.524 (deg)
	solar declination  =  18.599 (deg)
	solar hour angle   = -122.395 (deg)
	equation of time   =  3.704 (minutes)
	local sunrise      =  5:33 (UTC)  4:33 (Local)
	local solar noon   =  13:09 (UTC)  12:09 (Local)
	local sunset       =  20:45 (UTC)  19:45 (Local)
	local time         =  5:00 (UTC)  4:00 (Local)
**********************************************************
*            Control Point   -     R - 1000              *
**********************************************************
	Latitude	=	 0.864	( 49.532)	[49 31 54]
	Longitude	=	-0.269	(-15.418)	[-15 25 3]
	distance =  6404.883
	Magnetic dip (100 km)  =  66.514 (deg)
	Gyrofrequency (100 km) =  1.271 (MHz)
	Magnetic dip (300 km)  =  66.420 (deg)
	Gyrofrequency (300 km) =  1.167 (MHz)
	M(3000)F2 =  3.089
	foE   =  1.191 (MHz)
	foF2  =  3.394 (MHz)
	solar zenith angle =  93.450 (deg)
	solar declination  =  18.599 (deg)
	solar hour angle   = -119.492 (deg)
	equation of time   =  3.704 (minutes)
	local sunrise      =  5:19 (UTC)  4:19 (Local)
	local solar noon   =  12:57 (UTC)  11:57 (Local)
	local sunset       =  20:36 (UTC)  19:36 (Local)
	local time         =  5:00 (UTC)  4:00 (Local)
**********************************************************
*               End DumpPathData()                       *
**********************************************************
**********************************************************
*      DumpPathData - p533() Path data structure         *
**********************************************************
**********************************************************
*                 Input Parameters                       *
**********************************************************
	United Kingdom to Caracas
	Year = 2018
	Month = May
	Hour  = 8 (hour UTC)
	SSN (R12) = 10
	Tx power = -10.000 (dB(1kW))
	Tx Location Caracas
	Tx latitude  =  0.183 ( 10.480) [ 10 28 48]
	Tx longitude = -1.168 (-66.900) [-66 54 0]
	Rx Location Birmingham
	Rx latitude  =  0.916 ( 52.486) [ 52 29 10]
	Rx longitude = -0.033 (-1.890) [-1 53 25]
	local time Rx   =  8 
	local time Tx   =  4 
	Frequency =  14.000 (MHz)
	Bandwidth =  1.000 (Hz)
	Short or Long Path = Short
	Modulation = ANALOG
	Required signal-to-noise ratio =  31.000
	Required Reliability (%) =  90
	Required signal-to-interference ratio =  0.000
	Man-made noise = RESIDENTIAL
	Antenna configuration: Transmitter main beam to receiver main beam
	Transmit antenna 14 MHz Dipole at 10 m AAGL    
	Transmit antenna bearing = 36.972583
	Transmit antenna gain offset = 0.000000
	Receive antenna  14 MHz Dipole at 10 m AAGL    
	Receive antenna bearing = 256.209991
	Receive antenna gain offset = 0.000000
**********************************************************
*                 Calculated Parameters                  *
**********************************************************
****************** Distances (km) ************************
	distance =  7404.883
	slant range =  7776.563
	dmax     =  4000.000
************ Maximum Usable Frequencies (MHz) ************
	basic MUF       =  10.733
	10% MUF         =  14.415
	50% MUF         =  10.733
	90% MUF         =  8.340
	Operational MUF =  12.880
	10% OPMUF       =  17.298
	90% OPMUF       =  10.008
********* Lowest Order and Dominant Mode *****************
	lowest order F2 layer mode =  3
	lowest order E layer mode = No Mode
	No Dominant mode for this path length
************************ Season ***************************
	season = Summer
****** Field Strength (dB(1 uV/m)) and Rx Power (dBW) *****
	Field Strength (7000 km > D)           = -18.060
	Field Strength (7000 km < D < 9000 km) = -20.290
	Field Strength           (D > 9000 km) = -30.390
	Median Rx power = -148.705
**************** Rx Elevation Angle (degs)****************
	Rx Elevation angle =  8.000
***************** Short Path Parameters *******************
	"Not otherwise included loss" (dB) =  8.720
***************** Long Path Parameters *******************
	Free-space Field Strength 3 MW e.i.r.p. (dB(1uV/m) =  61.784
	Increased Long Distance Field Strength due to Focusing (dB) =  1.026
	"Not otherwise included loss" (dB) = -0.140
	Upper Reference Frequency (MHz)      =  15.356
	Lower Reference Frequency (MHz)      =  3.129
	Correction Factor at T + dM/2        =  1.591
	Correction Factor at R - dM/2        =  1.511
	Max Antenna Gain G_tl (0 to 8 deg)   =  0.010
	Max Antenna Gain G_w (0 to 8 deg)    =  0.010
	Mean gyrofrequency (T + dM/2 & R - dM/2) =  1.106
	Scale factor f(f ,fL, fM, fH)        =  0.137
***************** Noise Parameters (dB) *******************
	Atmospheric noise upper decile =  7.399
	Atmospheric noise lower decile =  5.741
	Atmospheric noise              =  27.639
	Man made noise upper decile    =  10.600
	Man made noise lower decile    =  5.300
	Man made noise                 =  40.752
	Galactic noise upper decile    =  2.000
	Galactic noise lower decile    =  2.000
	Galactic noise                 =  25.639
	Total noise upper decile       =  10.531
	Total noise lower decile       =  5.060
	Total noise                    =  40.961
********************** SNR Parameters (dB) *************************************
	Monthly median resultant signal-to-noise ratio =  14.334
	Upper decile deviation signal-to-noise ratio   =  14.860
	Lower decile deviation signal-to-noise ratio   =  16.488
	Signal-to-noise exceeded for 90% of the month  = -2.154
********************** SIR Parameters (dB) *************************************
	Signal-to-interference ratio = -307.000
	Upper decile deviation of the signal-to-interference ratio = -307.000
	Lower decile deviation of the signal-to-interference ratio = -307.000
******************** Reliability Parameters (%) *******************************
	Basic Circuit Reliability                      =  7.709
	Multimode Interference                         = -307.000
	Overall Circuit Reliability without scattering =  0.000
	Overall Circuit Reliability with scattering    =  0.000
	Probability of scattering                      =  0.000
	Probability required SNR is achieved                      =  0.000
	Probability required time spread T0 is not exceeded       =  0.000
	Probability required frequency spread f0 is not exceeded  =  0.000
**********************************************************
*                      F2 Mode 1                         *
**********************************************************
	basic MUF  =  0.000 (MHz)
	10% MUF    =  0.000 (MHz)
	50% MUF    =  0.000 (MHz)
	90% MUF    =  0.000 (MHz)
	OPMUF      =  0.000 (MHz)
	10% OPMUF  =  0.000 (MHz)
	90% OPMUF  =  0.000 (MHz)
	Fprob        =  0.000 (%)
	Lower decile =  0.000
	Upper decile =  0.000
	E Layer Screen Frequency  =  0.000 (MHz)
	Basic Loss (< 7000 km)    =  307.000 (dB)
	Median Field Strength     = -307.000 (dB(1 uV/m))
	Receiver Power            = -307.000 (dBW)
	Delay                     =  0.000 (mS)
	Elevation angle   =  0.000 (degs)
	Reflection height =  0.000 (km)
	Receiver Gain = -307.000 (dBi)
**********************************************************
*                      F2 Mode 2                         *
**********************************************************
	basic MUF  =  0.000 (MHz)
	10% MUF    =  0.000 (MHz)
	50% MUF    =  0.000 (MHz)
	90% MUF    =  0.000 (MHz)
	OPMUF      =  0.000 (MHz)
	10% OPMUF  =  0.000 (MHz)
	90% OPMUF  =  0.000 (MHz)
	Fprob        =  0.000 (%)
	Lower decile =  0.000
	Upper decile =  0.000
	E Layer Screen Frequency  =  0.000 (MHz)
	Basic Loss (< 7000 km)    =  307.000 (dB)
	Median Field Strength     = -307.000 (dB(1 uV/m))
	Receiver Power            = -307.000 (dBW)
	Delay                     =  0.000 (mS)
	Elevation angle   =  0.000 (degs)
	Reflection height =  0.000 (km)
	Receiver Gain = -307.000 (dBi)
**********************************************************
*                      F2 Mode 3                         *
**********************************************************
	basic MUF  =  10.733 (MHz)
	10% MUF    =  14.415 (MHz)
	50% MUF    =  10.733 (MHz)
	90% MUF    =  8.340 (MHz)
	OPMUF      =  12.880 (MHz)
	10% OPMUF  =  17.298 (MHz)
	90% OPMUF  =  10.008 (MHz)
	Fprob        =  0.124 (%)
	Lower decile =  0.777
	Upper decile =  1.343
	E Layer Screen Frequency  =  0.000 (MHz)
	Basic Loss (< 7000 km)    =  169.174 (dB)
	Median Field Strength     = -19.906 (dB(1 uV/m))
	Receiver Power            = -150.283 (dBW)
	Delay                     =  0.000 (mS)
	Elevation angle   =  7.748 (degs)
	Reflection height =  394.258 (km)
	Receiver Gain = -0.255 (dBi)
**********************************************************
*                      F2 Mode 4                         *
**********************************************************
	basic MUF  =  9.184 (MHz)
	10% MUF    =  12.334 (MHz)
	50% MUF    =  9.184 (MHz)
	90% MUF    =  7.136 (MHz)
	OPMUF      =  11.021 (MHz)
	10% OPMUF  =  14.801 (MHz)
	90% OPMUF  =  8.563 (MHz)
	Fprob        =  0.016 (%)
	Lower decile =  0.777
	Upper decile =  1.343
	E Layer Screen Frequency  =  0.000 (MHz)
	Basic Loss (< 7000 km)    =  177.431 (dB)
	Median Field Strength     = -24.160 (dB(1 uV/m))
	Receiver Power            = -150.534 (dBW)
	Delay                     =  0.000 (mS)
	Elevation angle   =  13.351 (degs)
	Reflection height =  390.407 (km)
	Receiver Gain =  3.749 (dBi)
**********************************************************
*                      F2 Mode 5                         *
**********************************************************
	basic MUF  =  8.030 (MHz)
	10% MUF    =  10.784 (MHz)
	50% MUF    =  8.030 (MHz)
	90% MUF    =  6.239 (MHz)
	OPMUF      =  9.636 (MHz)
	10% OPMUF  =  12.941 (MHz)
	90% OPMUF  =  7.487 (MHz)
	Fprob        =  0.000 (%)
	Lower decile =  0.777
	Upper decile =  1.343
	E Layer Screen Frequency  =  0.000 (MHz)
	Basic Loss (< 7000 km)    =  184.646 (dB)
	Median Field Strength     = -29.527 (dB(1 uV/m))
	Receiver Power            = -154.053 (dBW)
	Delay                     =  0.000 (mS)
	Elevation angle   =  18.209 (degs)
	Reflection height =  388.097 (km)
	Receiver Gain =  5.596 (dBi)
**********************************************************
*                      F2 Mode 6                         *
**********************************************************
	basic MUF  =  7.194 (MHz)
	10% MUF    =  9.662 (MHz)
	50% MUF    =  7.194 (MHz)
	90% MUF    =  5.590 (MHz)
	OPMUF      =  8.633 (MHz)
	10% OPMUF  =  11.594 (MHz)
	90% OPMUF  =  6.708 (MHz)
	Fprob        =  0.000 (%)
	Lower decile =  0.777
	Upper decile =  1.343
	E Layer Screen Frequency  =  0.000 (MHz)
	Basic Loss (< 7000 km)    =  190.909 (dB)
	Median Field Strength     = -34.865 (dB(1 uV/m))
	Receiver Power            = -158.462 (dBW)
	Delay                     =  0.000 (mS)
	Elevation angle   =  22.576 (degs)
	Reflection height =  386.557 (km)
	Receiver Gain =  6.526 (dBi)
**********************************************************
*                      F2 Mode 7                         *
**********************************************************
	basic MUF  =  6.586 (MHz)
	10% MUF    =  8.845 (MHz)
	50% MUF    =  6.586 (MHz)
	90% MUF    =  5.117 (MHz)
	OPMUF      =  7.903 (MHz)
	10% OPMUF  =  10.613 (MHz)
	90% OPMUF  =  6.141 (MHz)
	Fprob        =  0.000 (%)
	Lower decile =  0.777
	Upper decile =  1.343
	E Layer Screen Frequency  =  0.000 (MHz)
	Basic Loss (< 7000 km)    =  196.445 (dB)
	Median Field Strength     = -39.979 (dB(1 uV/m))
	Receiver Power            = -163.153 (dBW)
	Delay                     =  0.000 (mS)
	Elevation angle   =  26.559 (degs)
	Reflection height =  385.456 (km)
	Receiver Gain =  6.948 (dBi)
**********************************************************
*                      F2 Mode 8                         *
**********************************************************
	basic MUF  =  6.135 (MHz)
	10% MUF    =  8.239 (MHz)
	50% MUF    =  6.135 (MHz)
	90% MUF    =  4.767 (MHz)
	OPMUF      =  7.362 (MHz)
	10% OPMUF  =  9.887 (MHz)
	90% OPMUF  =  5.720 (MHz)
	Fprob        =  0.000 (%)
	Lower decile =  0.777
	Upper decile =  1.343
	E Layer Screen Frequency  =  0.000 (MHz)
	Basic Loss (< 7000 km)    =  201.402 (dB)
	Median Field Strength     = -44.832 (dB(1 uV/m))
	Receiver Power            = -167.906 (dBW)
	Delay                     =  0.000 (mS)
	Elevation angle   =  30.209 (degs)
	Reflection height =  384.631 (km)
	Receiver Gain =  7.048 (dBi)
**********************************************************
*                      F2 Mode 9                         *
**********************************************************
	basic MUF  =  0.000 (MHz)
	10% MUF    =  0.000 (MHz)
	50% MUF    =  0.000 (MHz)
	90% MUF    =  0.000 (MHz)
	OPMUF      =  0.000 (MHz)
	10% OPMUF  =  0.000 (MHz)
	90% OPMUF  =  0.000 (MHz)
	Fprob        =  0.000 (%)
	Lower decile =  0.000
	Upper decile =  0.000
	E Layer Screen Frequency  =  0.000 (MHz)
	Basic Loss (< 7000 km)    =  307.000 (dB)
	Median Field Strength     = -307.000 (dB(1 uV/m))
	Receiver Power            = -307.000 (dBW)
	Delay                     =  0.000 (mS)
	Elevation angle   =  0.000 (degs)
	Reflection height =  383.990 (km)
	Receiver Gain = -307.000 (dBi)
**********************************************************
*                      F2 Mode 10                         *
**********************************************************
	basic MUF  =  0.000 (MHz)
	10% MUF    =  0.000 (MHz)
	50% MUF    =  0.000 (MHz)
	90% MUF    =  0.000 (MHz)
	OPMUF      =  0.000 (MHz)
	10% OPMUF  =  0.000 (MHz)
	90% OPMUF  =  0.000 (MHz)
	Fprob        =  0.000 (%)
	Lower decile =  0.000
	Upper decile =  0.000
	E Layer Screen Frequency  =  0.000 (MHz)
	Basic Loss (< 7000 km)    =  307.000 (dB)
	Median Field Strength     = -307.000 (dB(1 uV/m))
	Receiver Power            = -307.000 (dBW)
	Delay                     =  0.000 (mS)
	Elevation angle   =  0.000 (degs)
	Reflection height =  383.476 (km)
	Receiver Gain = -307.000 (dBi)
**********************************************************
*                      F2 Mode 11                         *
**********************************************************
	basic MUF  =  0.000 (MHz)
	10% MUF    =  0.000 (MHz)
	50% MUF    =  0.000 (MHz)
	90% MUF    =  0.000 (MHz)
	OPMUF      =  0.000 (MHz)
	10% OPMUF  =  0.000 (MHz)
	90% OPMUF  =  0.000 (MHz)
	Fprob        =  0.000 (%)
	Lower decile =  0.000
	Upper decile =  0.000
	E Layer Screen Frequency  =  0.000 (MHz)
	Basic Loss (< 7000 km)    =  307.000 (dB)
	Median Field Strength     = -307.000 (dB(1 uV/m))
	Receiver Power            = -307.000 (dBW)
	Delay                     =  0.000 (mS)
	Elevation angle   =  0.000 (degs)
	Reflection height =  383.056 (km)
	Receiver Gain = -307.000 (dBi)
**********************************************************
*                       E Mode 1                         *
**********************************************************
	basic MUF  =  0.000 (MHz)
	10% MUF    =  0.000 (MHz)
	50% MUF    =  0.000 (MHz)
	90% MUF    =  0.000 (MHz)
	OPMUF      =  0.000 (MHz)
	10% OPMUF  =  0.000 (MHz)
	90% OPMUF  =  0.000 (MHz)
	Fprob        =  0.000 (%)
	Lower decile =  0.000
	Upper decile =  0.000
	Basic Loss (< 7000 km)    =  307.000 (dB)
	Median Field Strength     = -307.000 (dB(1 uV/m))
	Receiver Power            = -307.000 (dBW)
	Delay                     =  0.000 (mS)
	Elevation angle   =  0.000 (degs)
	Reflection height =  0.000 (km)
	Receiver Gain = -307.000 (dBi)
**********************************************************
*                       E Mode 2                         *
**********************************************************
	basic MUF  =  0.000 (MHz)
	10% MUF    =  0.000 (MHz)
	50% MUF    =  0.000 (MHz)
	90% MUF    =  0.000 (MHz)
	OPMUF      =  0.000 (MHz)
	10% OPMUF  =  0.000 (MHz)
	90% OPMUF  =  0.000 (MHz)
	Fprob        =  0.000 (%)
	Lower decile =  0.000
	Upper decile =  0.000
	Basic Loss (< 7000 km)    =  307.000 (dB)
	Median Field Strength     = -307.000 (dB(1 uV/m))
	Receiver Power            = -307.000 (dBW)
	Delay                     =  0.000 (mS)
	Elevation angle   =  0.000 (degs)
	Reflection height =  0.000 (km)
	Receiver Gain = -307.000 (dBi)
**********************************************************
*                       E Mode 3                         *
**********************************************************
	basic MUF  =  0.000 (MHz)
	10% MUF    =  0.000 (MHz)
	50% MUF    =  0.000 (MHz)
	90% MUF    =  0.000 (MHz)
	OPMUF      =  0.000 (MHz)
	10% OPMUF  =  0.000 (MHz)
	90% OPMUF  =  0.000 (MHz)
	Fprob        =  0.000 (%)
	Lower decile =  0.000
	Upper decile =  0.000
	Basic Loss (< 7000 km)    =  307.000 (dB)
	Median Field Strength     = -307.000 (dB(1 uV/m))
	Receiver Power            = -307.000 (dBW)
	Delay                     =  0.000 (mS)
	Elevation angle   =  0.000 (degs)
	Reflection height =  0.000 (km)
	Receiver Gain = -307.000 (dBi)
**********************************************************
*                       E Mode 4                         *
**********************************************************
	basic MUF  =  0.000 (MHz)
	10% MUF    =  0.000 (MHz)
	50% MUF    =  0.000 (MHz)
	90% MUF    =  0.000 (MHz)
	OPMUF      =  0.000 (MHz)
	10% OPMUF  =  0.000 (MHz)
	90% OPMUF  =  0.000 (MHz)
	Fprob        =  0.000 (%)
	Lower decile =  0.000
	Upper decile =  0.000
	Basic Loss (< 7000 km)    =  307.000 (dB)
	Median Field Strength     = -307.000 (dB(1 uV/m))
	Receiver Power            = -307.000 (dBW)
	Delay                     =  0.000 (mS)
	Elevation angle   =  0.000 (degs)
	Reflection height =  0.000 (km)
	Receiver Gain = -307.000 (dBi)
**********************************************************
*            Control Point   -      T + 1000             *
**********************************************************
	Latitude	=	 0.307	( 17.605)	[17 36 19]
	Longitude	=	-1.069	(-61.239)	[-61 14 22]
	distance =  1000.000
	Magnetic dip (100 km)  =  49.189 (deg)
	Gyrofrequency (100 km) =  1.137 (MHz)
	Magnetic dip (300 km)  =  49.064 (deg)
	Gyrofrequency (300 km) =  1.029 (MHz)
	M(3000)F2 =  3.143
	foE   =  0.397 (MHz)
	foF2  =  3.404 (MHz)
	solar zenith angle =  123.068 (deg)
	solar declination  =  18.619 (deg)
	solar hour angle   = -135.314 (deg)
	equation of time   =  3.703 (minutes)
	local sunrise      =  9:32 (UTC)  5:32 (Local)
	local solar noon   =  16:01 (UTC)  12:01 (Local)
	local sunset       =  22:29 (UTC)  18:29 (Local)
	local time         =  7:00 (UTC)  3:00 (Local)
**********************************************************
*            Control Point   -      T + d0/2             *
**********************************************************
	Latitude	=	 0.336	( 19.252)	[19 15 6]
	Longitude	=	-1.045	(-59.856)	[-59 51 20]
	distance =  1234.147
	Magnetic dip (100 km)  =  50.674 (deg)
	Gyrofrequency (100 km) =  1.155 (MHz)
	Magnetic dip (300 km)  =  50.560 (deg)
	Gyrofrequency (300 km) =  1.046 (MHz)
	M(3000)F2 =  3.134
	foE   =  0.397 (MHz)
	foF2  =  3.313 (MHz)
	solar zenith angle =  121.026 (deg)
	solar declination  =  18.619 (deg)
	solar hour angle   = -133.930 (deg)
	equation of time   =  3.703 (minutes)
	local sunrise      =  9:24 (UTC)  6:24 (Local)
	local solar noon   =  15:55 (UTC)  12:55 (Local)
	local sunset       =  22:26 (UTC)  19:26 (Local)
	local time         =  7:00 (UTC)  4:00 (Local)
**********************************************************
*            Control Point   -       MidPath             *
**********************************************************
	Latitude	=	 0.623	( 35.683)	[35 41 0]
	Longitude	=	-0.749	(-42.915)	[-42 54 55]
	distance =  3702.441
	Magnetic dip (100 km)  =  60.521 (deg)
	Gyrofrequency (100 km) =  1.256 (MHz)
	Magnetic dip (300 km)  =  60.592 (deg)
	Gyrofrequency (300 km) =  1.146 (MHz)
	M(3000)F2 =  3.162
	foE   =  0.792 (MHz)
	foF2  =  3.426 (MHz)
	reflection height  =  295.152 (km)
	solar zenith angle =  99.386 (deg)
	solar declination  =  18.619 (deg)
	solar hour angle   = -116.990 (deg)
	equation of time   =  3.703 (minutes)
	local sunrise      =  7:47 (UTC)  5:47 (Local)
	local solar noon   =  14:47 (UTC)  12:47 (Local)
	local sunset       =  21:48 (UTC)  19:48 (Local)
	local time         =  7:00 (UTC)  5:00 (Local)
**********************************************************
*            Control Point   -      R - d0/2             *
**********************************************************
	Latitude	=	 0.849	( 48.627)	[48 37 38]
	Longitude	=	-0.320	(-18.321)	[-18 19 16]
	distance =  6170.736
	Magnetic dip (100 km)  =  66.119 (deg)
	Gyrofrequency (100 km) =  1.270 (MHz)
	Magnetic dip (300 km)  =  66.047 (deg)
	Gyrofrequency (300 km) =  1.165 (MHz)
	M(3000)F2 =  3.208
	foE   =  2.112 (MHz)
	foF2  =  4.348 (MHz)
	solar zenith angle =  77.677 (deg)
	solar declination  =  18.619 (deg)
	solar hour angle   = -92.395 (deg)
	equation of time   =  3.703 (minutes)
	local sunrise      =  5:33 (UTC)  4:33 (Local)
	local solar noon   =  13:09 (UTC)  12:09 (Local)
	local sunset       =  20:45 (UTC)  19:45 (Local)
	local time         =  7:00 (UTC)  6:00 (Local)
**********************************************************
*            Control Point   -     R - 1000              *
**********************************************************
	Latitude	=	 0.864	( 49.532)	[49 31 54]
	Longitude	=	-0.269	(-15.418)	[-15 25 3]
	distance =  6404.883
	Magnetic dip (100 km)  =  66.514 (deg)
	Gyrofrequency (100 km) =  1.271 (MHz)
	Magnetic dip (300 km)  =  66.420 (deg)
	Gyrofrequency (300 km) =  1.167 (MHz)
	M(3000)F2 =  3.203
	foE   =  2.203 (MHz)
	foF2  =  4.414 (MHz)
	solar zenith angle =  75.620 (deg)
	solar declination  =  18.619 (deg)
	solar hour angle   = -89.492 (deg)
	equation of time   =  3.703 (minutes)
	local sunrise      =  5:18 (UTC)  4:18 (Local)
	local solar noon   =  12:57 (UTC)  11:57 (Local)
	local sunset       =  20:36 (UTC)  19:36 (Local)
	local time         =  7:00 (UTC)  6:00 (Local)
**********************************************************
*               End DumpPathData()                       *
**********************************************************
**********************************************************
*      DumpPathData - p533() Path data structure         *
**********************************************************
**********************************************************
*                 Input Parameters                       *
**********************************************************
	United Kingdom to Caracas
	Year = 2018
	Month = May
	Hour  = 10 (hour UTC)
	SSN (R12) = 10
	Tx power = -10.000 (dB(1kW))
	Tx Location Caracas
	Tx latitude  =  0.183 ( 10.480) [ 10 28 48]
	Tx longitude = -1.168 (-66.900) [-66 54 0]
	Rx Location Birmingham
	Rx latitude  =  0.916 ( 52.486) [ 52 29 10]
	Rx longitude = -0.033 (-1.890) [-1 53 25]
	local time Rx   =  10 
	local time Tx   =  6 
	Frequency =  14.000 (MHz)
	Bandwidth =  1.000 (Hz)
	Short or Long Path = Short
	Modulation = ANALOG
	Required signal-to-noise ratio =  31.000
	Required Reliability (%) =  90
	Required signal-to-interference ratio =  0.000
	Man-made noise = RESIDENTIAL
	Antenna configuration: Transmitter main beam to receiver main beam
	Transmit antenna 14 MHz Dipole at 10 m AAGL    
	Transmit antenna bearing = 36.972583
	Transmit antenna gain offset = 0.000000
	Receive antenna  14 MHz Dipole at 10 m AAGL    
	Receive antenna bearing = 256.209991
	Receive antenna gain offset = 0.000000
**********************************************************
*                 Calculated Parameters                  *
**********************************************************
****************** Distances (km) ************************
	distance =  7404.883
	slant range =  7776.563
	dmax     =  4000.000
************ Maximum Usable Frequencies (MHz) ************
	basic MUF       =  15.538
	10% MUF         =  20.853
	50% MUF         =  15.538
	90% MUF         =  12.074
	Operational MUF =  17.092
	10% OPMUF       =  22.938
	90% OPMUF       =  13.281
********* Lowest Order and Dominant Mode *****************
	lowest order F2 layer mode =  3
	lowest order E layer mode = No Mode
	No Dominant mode for this path length
************************ Season ***************************
	season = Summer
****** Field Strength (dB(1 uV/m)) and Rx Power (dBW) *****
	Field Strength (7000 km > D)           = -6.766
	Field Strength (7000 km < D < 9000 km) = -8.475
	Field Strength           (D > 9000 km) = -15.951
	Median Rx power = -138.233
**************** Rx Elevation Angle (degs)****************
	Rx Elevation angle =  8.000
***************** Short Path Parameters *******************
	"Not otherwise included loss" (dB) =  8.720
***************** Long Path Parameters *******************
	Free-space Field Strength 3 MW e.i.r.p. (dB(1uV/m) =  61.784
	Increased Long Distance Field Strength due to Focusing (dB) =  1.026
	"Not otherwise included loss" (dB) = -0.140
	Upper Reference Frequency (MHz)      =  20.615
	Lower Reference Frequency (MHz)      =  5.819
	Correction Factor at T + dM/2        =  1.513
	Correction Factor at R - dM/2        =  1.499
	Max Antenna Gain G_tl (0 to 8 deg)   =  0.010
	Max Antenna Gain G_w (0 to 8 deg)    =  0.010
	Mean gyrofrequency (T + dM/2 & R - dM/2) =  1.106
	Scale factor f(f ,fL, fM, fH)        =  0.370
***************** Noise Parameters (dB) *******************
	Atmospheric noise upper decile =  7.996
	Atmospheric noise lower decile =  5.825
	Atmospheric noise              =  29.179
	Man made noise upper decile    =  10.600
	Man made noise lower decile    =  5.300
	Man made noise                 =  40.752
	Galactic noise upper decile    =  2.000
	Galactic noise lower decile    =  2.000
	Galactic noise                 =  25.639
	Total noise upper decile       =  10.496
	Total noise lower decile       =  4.992
	Total noise                    =  41.065
********************** SNR Parameters (dB) *************************************
	Monthly median resultant signal-to-noise ratio =  24.702
	Upper decile deviation signal-to-noise ratio   =  10.769
	Lower decile deviation signal-to-noise ratio   =  17.760
	Signal-to-noise exceeded for 90% of the month  =  6.942
********************** SIR Parameters (dB) *************************************
	Signal-to-interference ratio = -307.000
	Upper decile deviation of the signal-to-interference ratio = -307.000
	Lower decile deviation of the signal-to-interference ratio = -307.000
******************** Reliability Parameters (%) *******************************
	Basic Circuit Reliability                      =  20.480
	Multimode Interference                         = -307.000
	Overall Circuit Reliability without scattering =  0.000
	Overall Circuit Reliability with scattering    =  0.000
	Probability of scattering                      =  0.000
	Probability required SNR is achieved                      =  0.000
	Probability required time spread T0 is not exceeded       =  0.000
	Probability required frequency spread f0 is not exceeded  =  0.000
**********************************************************
*                      F2 Mode 1                         *
**********************************************************
	basic MUF  =  0.000 (MHz)
	10% MUF    =  0.000 (MHz)
	50% MUF    =  0.000 (MHz)
	90% MUF    =  0.000 (MHz)
	OPMUF      =  0.000 (MHz)
	10% OPMUF  =  0.000 (MHz)
	90% OPMUF  =  0.000 (MHz)
	Fprob        =  0.000 (%)
	Lower decile =  0.000
	Upper decile =  0.000
	E Layer Screen Frequency  =  0.000 (MHz)
	Basic Loss (< 7000 km)    =  307.000 (dB)
	Median Field Strength     = -307.000 (dB(1 uV/m))
	Receiver Power            = -307.000 (dBW)
	Delay                     =  0.000 (mS)
	Elevation angle   =  0.000 (degs)
	Reflection height =  0.000 (km)
	Receiver Gain = -307.000 (dBi)
**********************************************************
*                      F2 Mode 2                         *
**********************************************************
	basic MUF  =  0.000 (MHz)
	10% MUF    =  0.000 (MHz)
	50% MUF    =  0.000 (MHz)
	90% MUF    =  0.000 (MHz)
	OPMUF      =  0.000 (MHz)
	10% OPMUF  =  0.000 (MHz)
	90% OPMUF  =  0.000 (MHz)
	Fprob        =  0.000 (%)
	Lower decile =  0.000
	Upper decile =  0.000
	E Layer Screen Frequency  =  0.000 (MHz)
	Basic Loss (< 7000 km)    =  307.000 (dB)
	Median Field Strength     = -307.000 (dB(1 uV/m))
	Receiver Power            = -307.000 (dBW)
	Delay                     =  0.000 (mS)
	Elevation angle   =  0.000 (degs)
	Reflection height =  0.000 (km)
	Receiver Gain = -307.000 (dBi)
**********************************************************
*                      F2 Mode 3                         *
**********************************************************
	basic MUF  =  15.538 (MHz)
	10% MUF    =  20.853 (MHz)
	50% MUF    =  15.538 (MHz)
	90% MUF    =  12.074 (MHz)
	OPMUF      =  17.092 (MHz)
	10% OPMUF  =  22.938 (MHz)
	90% OPMUF  =  13.281 (MHz)
	Fprob        =  0.746 (%)
	Lower decile =  0.777
	Upper decile =  1.342
	E Layer Screen Frequency  =  0.000 (MHz)
	Basic Loss (< 7000 km)    =  156.028 (dB)
	Median Field Strength     = -8.245 (dB(1 uV/m))
	Receiver Power            = -140.107 (dBW)
	Delay                     =  0.000 (mS)
	Elevation angle   =  6.436 (degs)
	Reflection height =  323.546 (km)
	Receiver Gain = -1.739 (dBi)
**********************************************************
*                      F2 Mode 4                         *
**********************************************************
	basic MUF  =  13.284 (MHz)
	10% MUF    =  17.827 (MHz)
	50% MUF    =  13.284 (MHz)
	90% MUF    =  10.322 (MHz)
	OPMUF      =  14.612 (MHz)
	10% OPMUF  =  19.610 (MHz)
	90% OPMUF  =  11.354 (MHz)
	Fprob        =  0.391 (%)
	Lower decile =  0.777
	Upper decile =  1.342
	E Layer Screen Frequency  =  0.000 (MHz)
	Basic Loss (< 7000 km)    =  165.354 (dB)
	Median Field Strength     = -13.010 (dB(1 uV/m))
	Receiver Power            = -140.312 (dBW)
	Delay                     =  0.000 (mS)
	Elevation angle   =  11.663 (degs)
	Reflection height =  317.159 (km)
	Receiver Gain =  2.821 (dBi)
**********************************************************
*                      F2 Mode 5                         *
**********************************************************
	basic MUF  =  11.547 (MHz)
	10% MUF    =  15.496 (MHz)
	50% MUF    =  11.547 (MHz)
	90% MUF    =  8.972 (MHz)
	OPMUF      =  12.701 (MHz)
	10% OPMUF  =  17.045 (MHz)
	90% OPMUF  =  9.869 (MHz)
	Fprob        =  0.193 (%)
	Lower decile =  0.777
	Upper decile =  1.342
	E Layer Screen Frequency  =  0.000 (MHz)
	Basic Loss (< 7000 km)    =  175.359 (dB)
	Median Field Strength     = -20.889 (dB(1 uV/m))
	Receiver Power            = -146.059 (dBW)
	Delay                     =  0.000 (mS)
	Elevation angle   =  16.191 (degs)
	Reflection height =  313.327 (km)
	Receiver Gain =  4.953 (dBi)
**********************************************************
*                      F2 Mode 6                         *
**********************************************************
	basic MUF  =  10.261 (MHz)
	10% MUF    =  13.771 (MHz)
	50% MUF    =  10.261 (MHz)
	90% MUF    =  7.973 (MHz)
	OPMUF      =  11.287 (MHz)
	10% OPMUF  =  15.148 (MHz)
	90% OPMUF  =  8.771 (MHz)
	Fprob        =  0.087 (%)
	Lower decile =  0.777
	Upper decile =  1.342
	E Layer Screen Frequency  =  0.000 (MHz)
	Basic Loss (< 7000 km)    =  182.728 (dB)
	Median Field Strength     = -27.107 (dB(1 uV/m))
	Receiver Power            = -151.123 (dBW)
	Delay                     =  0.000 (mS)
	Elevation angle   =  20.279 (degs)
	Reflection height =  310.772 (km)
	Receiver Gain =  6.106 (dBi)
**********************************************************
*                      F2 Mode 7                         *
**********************************************************
	basic MUF  =  9.310 (MHz)
	10% MUF    =  12.494 (MHz)
	50% MUF    =  9.310 (MHz)
	90% MUF    =  7.234 (MHz)
	OPMUF      =  10.241 (MHz)
	10% OPMUF  =  13.743 (MHz)
	90% OPMUF  =  7.957 (MHz)
	Fprob        =  0.023 (%)
	Lower decile =  0.777
	Upper decile =  1.342
	E Layer Screen Frequency  =  0.000 (MHz)
	Basic Loss (< 7000 km)    =  188.920 (dB)
	Median Field Strength     = -32.674 (dB(1 uV/m))
	Receiver Power            = -156.073 (dBW)
	Delay                     =  0.000 (mS)
	Elevation angle   =  24.031 (degs)
	Reflection height =  308.947 (km)
	Receiver Gain =  6.723 (dBi)
**********************************************************
*                      F2 Mode 8                         *
**********************************************************
	basic MUF  =  8.597 (MHz)
	10% MUF    =  11.537 (MHz)
	50% MUF    =  8.597 (MHz)
	90% MUF    =  6.680 (MHz)
	OPMUF      =  9.456 (MHz)
	10% OPMUF  =  12.690 (MHz)
	90% OPMUF  =  7.348 (MHz)
	Fprob        =  0.000 (%)
	Lower decile =  0.777
	Upper decile =  1.342
	E Layer Screen Frequency  =  0.000 (MHz)
	Basic Loss (< 7000 km)    =  194.353 (dB)
	Median Field Strength     = -37.835 (dB(1 uV/m))
	Receiver Power            = -160.958 (dBW)
	Delay                     =  0.000 (mS)
	Elevation angle   =  27.500 (degs)
	Reflection height =  307.578 (km)
	Receiver Gain =  6.999 (dBi)
**********************************************************
*                      F2 Mode 9                         *
**********************************************************
	basic MUF  =  0.000 (MHz)
	10% MUF    =  0.000 (MHz)
	50% MUF    =  0.000 (MHz)
	90% MUF    =  0.000 (MHz)
	OPMUF      =  0.000 (MHz)
	10% OPMUF  =  0.000 (MHz)
	90% OPMUF  =  0.000 (MHz)
	Fprob        =  0.000 (%)
	Lower decile =  0.000
	Upper decile =  0.000
	E Layer Screen Frequency  =  0.000 (MHz)
	Basic Loss (< 7000 km)    =  307.000 (dB)
	Median Field Strength     = -307.000 (dB(1 uV/m))
	Receiver Power            = -307.000 (dBW)
	Delay                     =  0.000 (mS)
	Elevation angle   =  0.000 (degs)
	Reflection height =  306.514 (km)
	Receiver Gain = -307.000 (dBi)
**********************************************************
*                      F2 Mode 10                         *
**********************************************************
	basic MUF  =  0.000 (MHz)
	10% MUF    =  0.000 (MHz)
	50% MUF    =  0.000 (MHz)
	90% MUF    =  0.000 (MHz)
	OPMUF      =  0.000 (MHz)
	10% OPMUF  =  0.000 (MHz)
	90% OPMUF  =  0.000 (MHz)
	Fprob        =  0.000 (%)
	Lower decile =  0.000
	Upper decile =  0.000
	E Layer Screen Frequency  =  0.000 (MHz)
	Basic Loss (< 7000 km)    =  307.000 (dB)
	Median Field Strength     = -307.000 (dB(1 uV/m))
	Receiver Power            = -307.000 (dBW)
	Delay                     =  0.000 (mS)
	Elevation angle   =  0.000 (degs)
	Reflection height =  305.662 (km)
	Receiver Gain = -307.000 (dBi)
**********************************************************
*                      F2 Mode 11                         *
**********************************************************
	basic MUF  =  0.000 (MHz)
	10% MUF    =  0.000 (MHz)
	50% MUF    =  0.000 (MHz)
	90% MUF    =  0.000 (MHz)
	OPMUF      =  0.000 (MHz)
	10% OPMUF  =  0.000 (MHz)
	90% OPMUF  =  0.000 (MHz)
	Fprob        =  0.000 (%)
	Lower decile =  0.000
	Upper decile =  0.000
	E Layer Screen Frequency  =  0.000 (MHz)
	Basic Loss (< 7000 km)    =  307.000 (dB)
	Median Field Strength     = -307.000 (dB(1 uV/m))
	Receiver Power            = -307.000 (dBW)
	Delay                     =  0.000 (mS)
	Elevation angle   =  0.000 (degs)
	Reflection height =  304.966 (km)
	Receiver Gain = -307.000 (dBi)
**********************************************************
*                       E Mode 1                         *
**********************************************************
	basic MUF  =  0.000 (MHz)
	10% MUF    =  0.000 (MHz)
	50% MUF    =  0.000 (MHz)
	90% MUF    =  0.000 (MHz)
	OPMUF      =  0.000 (MHz)
	10% OPMUF  =  0.000 (MHz)
	90% OPMUF  =  0.000 (MHz)
	Fprob        =  0.000 (%)
	Lower decile =  0.000
	Upper decile =  0.000
	Basic Loss (< 7000 km)    =  307.000 (dB)
	Median Field Strength     = -307.000 (dB(1 uV/m))
	Receiver Power            = -307.000 (dBW)
	Delay                     =  0.000 (mS)
	Elevation angle   =  0.000 (degs)
	Reflection height =  0.000 (km)
	Receiver Gain = -307.000 (dBi)
**********************************************************
*                       E Mode 2                         *
**********************************************************
	basic MUF  =  0.000 (MHz)
	10% MUF    =  0.000 (MHz)
	50% MUF    =  0.000 (MHz)
	90% MUF    =  0.000 (MHz)
	OPMUF      =  0.000 (MHz)
	10% OPMUF  =  0.000 (MHz)
	90% OPMUF  =  0.000 (MHz)
	Fprob        =  0.000 (%)
	Lower decile =  0.000
	Upper decile =  0.000
	Basic Loss (< 7000 km)    =  307.000 (dB)
	Median Field Strength     = -307.000 (dB(1 uV/m))
	Receiver Power            = -307.000 (dBW)
	Delay                     =  0.000 (mS)
	Elevation angle   =  0.000 (degs)
	Reflection height =  0.000 (km)
	Receiver Gain = -307.000 (dBi)
**********************************************************
*                       E Mode 3                         *
**********************************************************
	basic MUF  =  0.000 (MHz)
	10% MUF    =  0.000 (MHz)
	50% MUF    =  0.000 (MHz)
	90% MUF    =  0.000 (MHz)
	OPMUF      =  0.000 (MHz)
	10% OPMUF  =  0.000 (MHz)
	90% OPMUF  =  0.000 (MHz)
	Fprob        =  0.000 (%)
	Lower decile =  0.000
	Upper decile =  0.000
	Basic Loss (< 7000 km)    =  307.000 (dB)
	Median Field Strength     = -307.000 (dB(1 uV/m))
	Receiver Power            = -307.000 (dBW)
	Delay                     =  0.000 (mS)
	Elevation angle   =  0.000 (degs)
	Reflection height =  0.000 (km)
	Receiver Gain = -307.000 (dBi)
**********************************************************
*                       E Mode 4                         *
**********************************************************
	basic MUF  =  0.000 (MHz)
	10% MUF    =  0.000 (MHz)
	50% MUF    =  0.000 (MHz)
	90% MUF    =  0.000 (MHz)
	OPMUF      =  0.000 (MHz)
	10% OPMUF  =  0.000 (MHz)
	90% OPMUF  =  0.000 (MHz)
	Fprob        =  0.000 (%)
	Lower decile =  0.000
	Upper decile =  0.000
	Basic Loss (< 7000 km)    =  307.000 (dB)
	Median Field Strength     = -307.000 (dB(1 uV/m))
	Receiver Power            = -307.000 (dBW)
	Delay                     =  0.000 (mS)
	Elevation angle   =  0.000 (degs)
	Reflection height =  0.000 (km)
	Receiver Gain = -307.000 (dBi)
**********************************************************
*            Control Point   -      T + 1000             *
**********************************************************
	Latitude	=	 0.307	( 17.605)	[17 36 19]
	Longitude	=	-1.069	(-61.239)	[-61 14 22]
	distance =  1000.000
	Magnetic dip (100 km)  =  49.189 (deg)
	Gyrofrequency (100 km) =  1.137 (MHz)
	Magnetic dip (300 km)  =  49.064 (deg)
	Gyrofrequency (300 km) =  1.029 (MHz)
	M(3000)F2 =  3.356
	foE   =  0.883 (MHz)
	foF2  =  4.300 (MHz)
	solar zenith angle =  98.156 (deg)
	solar declination  =  18.640 (deg)
	solar hour angle   = -105.314 (deg)
	equation of time   =  3.702 (minutes)
	local sunrise      =  9:32 (UTC)  5:32 (Local)
	local solar noon   =  16:01 (UTC)  12:01 (Local)
	local sunset       =  22:29 (UTC)  18:29 (Local)
	local time         =  9:00 (UTC)  5:00 (Local)
**********************************************************
*            Control Point   -      T + d0/2             *
**********************************************************
	Latitude	=	 0.336	( 19.252)	[19 15 6]
	Longitude	=	-1.045	(-59.856)	[-59 51 20]
	distance =  1234.147
	Magnetic dip (100 km)  =  50.674 (deg)
	Gyrofrequency (100 km) =  1.155 (MHz)
	Magnetic dip (300 km)  =  50.560 (deg)
	Gyrofrequency (300 km) =  1.046 (MHz)
	M(3000)F2 =  3.353
	foE   =  1.002 (MHz)
	foF2  =  4.408 (MHz)
	solar zenith angle =  96.314 (deg)
	solar declination  =  18.640 (deg)
	solar hour angle   = -103.930 (deg)
	equation of time   =  3.702 (minutes)
	local sunrise      =  9:24 (UTC)  6:24 (Local)
	local solar noon   =  15:55 (UTC)  12:55 (Local)
	local sunset       =  22:26 (UTC)  19:26 (Local)
	local time         =  9:00 (UTC)  6:00 (Local)
**********************************************************
*            Control Point   -       MidPath             *
**********************************************************
	Latitude	=	 0.623	( 35.683)	[35 41 0]
	Longitude	=	-0.749	(-42.915)	[-42 54 55]
	distance =  3702.441
	Magnetic dip (100 km)  =  60.521 (deg)
	Gyrofrequency (100 km) =  1.256 (MHz)
	Magnetic dip (300 km)  =  60.592 (deg)
	Gyrofrequency (300 km) =  1.146 (MHz)
	M(3000)F2 =  3.303
	foE   =  2.163 (MHz)
	foF2  =  5.047 (MHz)
	reflection height  =  275.075 (km)
	solar zenith angle =  76.888 (deg)
	solar declination  =  18.640 (deg)
	solar hour angle   = -86.990 (deg)
	equation of time   =  3.702 (minutes)
	local sunrise      =  7:47 (UTC)  5:47 (Local)
	local solar noon   =  14:47 (UTC)  12:47 (Local)
	local sunset       =  21:48 (UTC)  19:48 (Local)
	local time         =  9:00 (UTC)  7:00 (Local)
**********************************************************
*            Control Point   -      R - d0/2             *
**********************************************************
	Latitude	=	 0.849	( 48.627)	[48 37 38]
	Longitude	=	-0.320	(-18.321)	[-18 19 16]
	distance =  6170.736
	Magnetic dip (100 km)  =  66.119 (deg)
	Gyrofrequency (100 km) =  1.270 (MHz)
	Magnetic dip (300 km)  =  66.047 (deg)
	Gyrofrequency (300 km) =  1.165 (MHz)
	M(3000)F2 =  3.197
	foE   =  2.760 (MHz)
	foF2  =  4.925 (MHz)
	solar zenith angle =  57.991 (deg)
	solar declination  =  18.640 (deg)
	solar hour angle   = -62.396 (deg)
	equation of time   =  3.702 (minutes)
	local sunrise      =  5:33 (UTC)  4:33 (Local)
	local solar noon   =  13:09 (UTC)  12:09 (Local)
	local sunset       =  20:45 (UTC)  19:45 (Local)
	local time         =  9:00 (UTC)  8:00 (Local)
**********************************************************
*            Control Point   -     R - 1000              *
**********************************************************
	Latitude	=	 0.864	( 49.532)	[49 31 54]
	Longitude	=	-0.269	(-15.418)	[-15 25 3]
	distance =  6404.883
	Magnetic dip (100 km)  =  66.514 (deg)
	Gyrofrequency (100 km) =  1.271 (MHz)
	Magnetic dip (300 km)  =  66.420 (deg)
	Gyrofrequency (300 km) =  1.167 (MHz)
	M(3000)F2 =  3.185
	foE   =  2.798 (MHz)
	foF2  =  4.918 (MHz)
	solar zenith angle =  56.265 (deg)
	solar declination  =  18.640 (deg)
	solar hour angle   = -59.492 (deg)
	equation of time   =  3.702 (minutes)
	local sunrise      =  5:18 (UTC)  4:18 (Local)
	local solar noon   =  12:57 (UTC)  11:57 (Local)
	local sunset       =  20:37 (UTC)  19:37 (Local)
	local time         =  9:00 (UTC)  8:00 (Local)
**********************************************************
*               End DumpPathData()                       *
**********************************************************
**********************************************************
*      DumpPathData - p533() Path data structure         *
**********************************************************
**********************************************************
*                 Input Parameters                       *
**********************************************************
	United Kingdom to Caracas
	Year = 2018
	Month = May
	Hour  = 12 (hour UTC)
	SSN (R12) = 10
	Tx power = -10.000 (dB(1kW))
	Tx Location Caracas
	Tx latitude  =  0.183 ( 10.480) [ 10 28 48]
	Tx longitude = -1.168 (-66.900) [-66 54 0]
	Rx Location Birmingham
	Rx latitude  =  0.916 ( 52.486) [ 52 29 10]
	Rx longitude = -0.033 (-1.890) [-1 53 25]
	local time Rx   =  12 
	local time Tx   =  8 
	Frequency =  14.000 (MHz)
	Bandwidth =  1.000 (Hz)
	Short or Long Path = Short
	Modulation = ANALOG
	Required signal-to-noise ratio =  31.000
	Required Reliability (%) =  90
	Required signal-to-interference ratio =  0.000
	Man-made noise = RESIDENTIAL
	Antenna configuration: Transmitter main beam to receiver main beam
	Transmit antenna 14 MHz Dipole at 10 m AAGL    
	Transmit antenna bearing = 36.972583
	Transmit antenna gain offset = 0.000000
	Receive antenna  14 MHz Dipole at 10 m AAGL    
	Receive antenna bearing = 256.209991
	Receive antenna gain offset = 0.000000
**********************************************************
*                 Calculated Parameters                  *
**********************************************************
****************** Distances (km) ************************
	distance =  7404.883
	slant range =  7776.563
	dmax     =  4000.000
************ Maximum Usable Frequencies (MHz) ************
	basic MUF       =  15.827
	10% MUF         =  18.334
	50% MUF         =  15.827
	90% MUF         =  12.968
	Operational MUF =  17.409
	10% OPMUF       =  20.167
	90% OPMUF       =  14.265
********* Lowest Order and Dominant Mode *****************
	lowest order F2 layer mode =  3
	lowest order E layer mode = No Mode
	No Dominant mode for this path length
************************ Season ***************************
	season = Summer
****** Field Strength (dB(1 uV/m)) and Rx Power (dBW) *****
	Field Strength (7000 km > D)           = -13.015
	Field Strength (7000 km < D < 9000 km) = -14.671
	Field Strength           (D > 9000 km) = -21.887
	Median Rx power = -142.745
**************** Rx Elevation Angle (degs)****************
	Rx Elevation angle =  8.000
***************** Short Path Parameters *******************
	"Not otherwise included loss" (dB) =  8.720
***************** Long Path Parameters *******************
	Free-space Field Strength 3 MW e.i.r.p. (dB(1uV/m) =  61.784
	Increased Long Distance Field Strength due to Focusing (dB) =  1.026
	"Not otherwise included loss" (dB) = -0.140
	Upper Reference Frequency (MHz)      =  21.099
	Lower Reference Frequency (MHz)      =  8.401
	Correction Factor at T + dM/2        =  1.475
	Correction Factor at R - dM/2        =  1.502
	Max Antenna Gain G_tl (0 to 8 deg)   =  0.010
	Max Antenna Gain G_w (0 to 8 deg)    =  0.010
	Mean gyrofrequency (T + dM/2 & R - dM/2) =  1.106
	Scale factor f(f ,fL, fM, fH)        =  0.274
***************** Noise Parameters (dB) *******************
	Atmospheric noise upper decile =  8.647
	Atmospheric noise lower decile =  6.145
	Atmospheric noise              =  30.659
	Man made noise upper decile    =  10.600
	Man made noise lower decile    =  5.300
	Man made noise                 =  40.752
	Galactic noise upper decile    =  2.000
	Galactic noise lower decile    =  2.000
	Galactic noise                 =  25.639
	Total noise upper decile       =  10.438
	Total noise lower decile       =  4.898
	Total noise                    =  41.239
********************** SNR Parameters (dB) *************************************
	Monthly median resultant signal-to-noise ratio =  20.016
	Upper decile deviation signal-to-noise ratio   =  10.788
	Lower decile deviation signal-to-noise ratio   =  17.754
	Signal-to-noise exceeded for 90% of the month  =  2.262
********************** SIR Parameters (dB) *************************************
	Signal-to-interference ratio = -307.000
	Upper decile deviation of the signal-to-interference ratio = -307.000
	Lower decile deviation of the signal-to-interference ratio = -307.000
******************** Reliability Parameters (%) *******************************
	Basic Circuit Reliability                      =  9.639
	Multimode Interference                         = -307.000
	Overall Circuit Reliability without scattering =  0.000
	Overall Circuit Reliability with scattering    =  0.000
	Probability of scattering                      =  0.000
	Probability required SNR is achieved                      =  0.000
	Probability required time spread T0 is not exceeded       =  0.000
	Probability required frequency spread f0 is not exceeded  =  0.000
**********************************************************
*                      F2 Mode 1                         *
**********************************************************
	basic MUF  =  0.000 (MHz)
	10% MUF    =  0.000 (MHz)
	50% MUF    =  0.000 (MHz)
	90% MUF    =  0.000 (MHz)
	OPMUF      =  0.000 (MHz)
	10% OPMUF  =  0.000 (MHz)
	90% OPMUF  =  0.000 (MHz)
	Fprob        =  0.000 (%)
	Lower decile =  0.000
	Upper decile =  0.000
	E Layer Screen Frequency  =  0.000 (MHz)
	Basic Loss (< 7000 km)    =  307.000 (dB)
	Median Field Strength     = -307.000 (dB(1 uV/m))
	Receiver Power            = -307.000 (dBW)
	Delay                     =  0.000 (mS)
	Elevation angle   =  0.000 (degs)
	Reflection height =  0.000 (km)
	Receiver Gain = -307.000 (dBi)
**********************************************************
*                      F2 Mode 2                         *
**********************************************************
	basic MUF  =  0.000 (MHz)
	10% MUF    =  0.000 (MHz)
	50% MUF    =  0.000 (MHz)
	90% MUF    =  0.000 (MHz)
	OPMUF      =  0.000 (MHz)
	10% OPMUF  =  0.000 (MHz)
	90% OPMUF  =  0.000 (MHz)
	Fprob        =  0.000 (%)
	Lower decile =  0.000
	Upper decile =  0.000
	E Layer Screen Frequency  =  0.000 (MHz)
	Basic Loss (< 7000 km)    =  307.000 (dB)
	Median Field Strength     = -307.000 (dB(1 uV/m))
	Receiver Power            = -307.000 (dBW)
	Delay                     =  0.000 (mS)
	Elevation angle   =  0.000 (degs)
	Reflection height =  0.000 (km)
	Receiver Gain = -307.000 (dBi)
**********************************************************
*                      F2 Mode 3                         *
**********************************************************
	basic MUF  =  15.827 (MHz)
	10% MUF    =  18.334 (MHz)
	50% MUF    =  15.827 (MHz)
	90% MUF    =  12.968 (MHz)
	OPMUF      =  17.409 (MHz)
	10% OPMUF  =  20.167 (MHz)
	90% OPMUF  =  14.265 (MHz)
	Fprob        =  0.812 (%)
	Lower decile =  0.819
	Upper decile =  1.158
	E Layer Screen Frequency  =  0.000 (MHz)
	Basic Loss (< 7000 km)    =  165.048 (dB)
	Median Field Strength     = -15.295 (dB(1 uV/m))
	Receiver Power            = -145.188 (dBW)
	Delay                     =  0.000 (mS)
	Elevation angle   =  8.242 (degs)
	Reflection height =  347.719 (km)
	Receiver Gain =  0.230 (dBi)
**********************************************************
*                      F2 Mode 4                         *
**********************************************************
	basic MUF  =  13.429 (MHz)
	10% MUF    =  15.557 (MHz)
	50% MUF    =  13.429 (MHz)
	90% MUF    =  11.004 (MHz)
	OPMUF      =  14.772 (MHz)
	10% OPMUF  =  17.112 (MHz)
	90% OPMUF  =  12.104 (MHz)
	Fprob        =  0.331 (%)
	Lower decile =  0.819
	Upper decile =  1.158
	E Layer Screen Frequency  =  0.000 (MHz)
	Basic Loss (< 7000 km)    =  171.264 (dB)
	Median Field Strength     = -17.690 (dB(1 uV/m))
	Receiver Power            = -143.760 (dBW)
	Delay                     =  0.000 (mS)
	Elevation angle   =  13.984 (degs)
	Reflection height =  335.072 (km)
	Receiver Gain =  4.052 (dBi)
**********************************************************
*                      F2 Mode 5                         *
**********************************************************
	basic MUF  =  11.688 (MHz)
	10% MUF    =  13.540 (MHz)
	50% MUF    =  11.688 (MHz)
	90% MUF    =  9.577 (MHz)
	OPMUF      =  12.857 (MHz)
	10% OPMUF  =  14.894 (MHz)
	90% OPMUF  =  10.535 (MHz)
	Fprob        =  0.056 (%)
	Lower decile =  0.819
	Upper decile =  1.158
	E Layer Screen Frequency  =  0.000 (MHz)
	Basic Loss (< 7000 km)    =  181.170 (dB)
	Median Field Strength     = -25.849 (dB(1 uV/m))
	Receiver Power            = -150.172 (dBW)
	Delay                     =  0.000 (mS)
	Elevation angle   =  18.961 (degs)
	Reflection height =  327.484 (km)
	Receiver Gain =  5.799 (dBi)
**********************************************************
*                      F2 Mode 6                         *
**********************************************************
	basic MUF  =  10.448 (MHz)
	10% MUF    =  12.103 (MHz)
	50% MUF    =  10.448 (MHz)
	90% MUF    =  8.561 (MHz)
	OPMUF      =  11.493 (MHz)
	10% OPMUF  =  13.313 (MHz)
	90% OPMUF  =  9.417 (MHz)
	Fprob        =  0.000 (%)
	Lower decile =  0.819
	Upper decile =  1.158
	E Layer Screen Frequency  =  0.000 (MHz)
	Basic Loss (< 7000 km)    =  188.549 (dB)
	Median Field Strength     = -32.381 (dB(1 uV/m))
	Receiver Power            = -155.858 (dBW)
	Delay                     =  0.000 (mS)
	Elevation angle   =  23.426 (degs)
	Reflection height =  322.425 (km)
	Receiver Gain =  6.645 (dBi)
**********************************************************
*                      F2 Mode 7                         *
**********************************************************
	basic MUF  =  9.554 (MHz)
	10% MUF    =  11.067 (MHz)
	50% MUF    =  9.554 (MHz)
	90% MUF    =  7.828 (MHz)
	OPMUF      =  10.509 (MHz)
	10% OPMUF  =  12.174 (MHz)
	90% OPMUF  =  8.611 (MHz)
	Fprob        =  0.000 (%)
	Lower decile =  0.819
	Upper decile =  1.158
	E Layer Screen Frequency  =  0.000 (MHz)
	Basic Loss (< 7000 km)    =  194.657 (dB)
	Median Field Strength     = -38.140 (dB(1 uV/m))
	Receiver Power            = -161.264 (dBW)
	Delay                     =  0.000 (mS)
	Elevation angle   =  27.487 (degs)
	Reflection height =  318.812 (km)
	Receiver Gain =  6.998 (dBi)
**********************************************************
*                      F2 Mode 8                         *
**********************************************************
	basic MUF  =  8.896 (MHz)
	10% MUF    =  10.305 (MHz)
	50% MUF    =  8.896 (MHz)
	90% MUF    =  7.289 (MHz)
	OPMUF      =  9.785 (MHz)
	10% OPMUF  =  11.335 (MHz)
	90% OPMUF  =  8.018 (MHz)
	Fprob        =  0.000 (%)
	Lower decile =  0.819
	Upper decile =  1.158
	E Layer Screen Frequency  =  0.000 (MHz)
	Basic Loss (< 7000 km)    =  200.135 (dB)
	Median Field Strength     = -43.578 (dB(1 uV/m))
	Receiver Power            = -166.667 (dBW)
	Delay                     =  0.000 (mS)
	Elevation angle   =  31.197 (degs)
	Reflection height =  316.102 (km)
	Receiver Gain =  7.034 (dBi)
**********************************************************
*                      F2 Mode 9                         *
**********************************************************
	basic MUF  =  0.000 (MHz)
	10% MUF    =  0.000 (MHz)
	50% MUF    =  0.000 (MHz)
	90% MUF    =  0.000 (MHz)
	OPMUF      =  0.000 (MHz)
	10% OPMUF  =  0.000 (MHz)
	90% OPMUF  =  0.000 (MHz)
	Fprob        =  0.000 (%)
	Lower decile =  0.000
	Upper decile =  0.000
	E Layer Screen Frequency  =  0.000 (MHz)
	Basic Loss (< 7000 km)    =  307.000 (dB)
	Median Field Strength     = -307.000 (dB(1 uV/m))
	Receiver Power            = -307.000 (dBW)
	Delay                     =  0.000 (mS)
	Elevation angle   =  0.000 (degs)
	Reflection height =  313.994 (km)
	Receiver Gain = -307.000 (dBi)
**********************************************************
*                      F2 Mode 10                         *
**********************************************************
	basic MUF  =  0.000 (MHz)
	10% MUF    =  0.000 (MHz)
	50% MUF    =  0.000 (MHz)
	90% MUF    =  0.000 (MHz)
	OPMUF      =  0.000 (MHz)
	10% OPMUF  =  0.000 (MHz)
	90% OPMUF  =  0.000 (MHz)
	Fprob        =  0.000 (%)
	Lower decile =  0.000
	Upper decile =  0.000
	E Layer Screen Frequency  =  0.000 (MHz)
	Basic Loss (< 7000 km)    =  307.000 (dB)
	Median Field Strength     = -307.000 (dB(1 uV/m))
	Receiver Power            = -307.000 (dBW)
	Delay                     =  0.000 (mS)
	Elevation angle   =  0.000 (degs)
	Reflection height =  312.308 (km)
	Receiver Gain = -307.000 (dBi)
**********************************************************
*                      F2 Mode 11                         *
**********************************************************
	basic MUF  =  0.000 (MHz)
	10% MUF    =  0.000 (MHz)
	50% MUF    =  0.000 (MHz)
	90% MUF    =  0.000 (MHz)
	OPMUF      =  0.000 (MHz)
	10% OPMUF  =  0.000 (MHz)
	90% OPMUF  =  0.000 (MHz)
	Fprob        =  0.000 (%)
	Lower decile =  0.000
	Upper decile =  0.000
	E Layer Screen Frequency  =  0.000 (MHz)
	Basic Loss (< 7000 km)    =  307.000 (dB)
	Median Field Strength     = -307.000 (dB(1 uV/m))
	Receiver Power            = -307.000 (dBW)
	Delay                     =  0.000 (mS)
	Elevation angle   =  0.000 (degs)
	Reflection height =  310.929 (km)
	Receiver Gain = -307.000 (dBi)
**********************************************************
*                       E Mode 1                         *
**********************************************************
	basic MUF  =  0.000 (MHz)
	10% MUF    =  0.000 (MHz)
	50% MUF    =  0.000 (MHz)
	90% MUF    =  0.000 (MHz)
	OPMUF      =  0.000 (MHz)
	10% OPMUF  =  0.000 (MHz)
	90% OPMUF  =  0.000 (MHz)
	Fprob        =  0.000 (%)
	Lower decile =  0.000
	Upper decile =  0.000
	Basic Loss (< 7000 km)    =  307.000 (dB)
	Median Field Strength     = -307.000 (dB(1 uV/m))
	Receiver Power            = -307.000 (dBW)
	Delay                     =  0.000 (mS)
	Elevation angle   =  0.000 (degs)
	Reflection height =  0.000 (km)
	Receiver Gain = -307.000 (dBi)
**********************************************************
*                       E Mode 2                         *
**********************************************************
	basic MUF  =  0.000 (MHz)
	10% MUF    =  0.000 (MHz)
	50% MUF    =  0.000 (MHz)
	90% MUF    =  0.000 (MHz)
	OPMUF      =  0.000 (MHz)
	10% OPMUF  =  0.000 (MHz)
	90% OPMUF  =  0.000 (MHz)
	Fprob        =  0.000 (%)
	Lower decile =  0.000
	Upper decile =  0.000
	Basic Loss (< 7000 km)    =  307.000 (dB)
	Median Field Strength     = -307.000 (dB(1 uV/m))
	Receiver Power            = -307.000 (dBW)
	Delay                     =  0.000 (mS)
	Elevation angle   =  0.000 (degs)
	Reflection height =  0.000 (km)
	Receiver Gain = -307.000 (dBi)
**********************************************************
*                       E Mode 3                         *
**********************************************************
	basic MUF  =  0.000 (MHz)
	10% MUF    =  0.000 (MHz)
	50% MUF    =  0.000 (MHz)
	90% MUF    =  0.000 (MHz)
	OPMUF      =  0.000 (MHz)
	10% OPMUF  =  0.000 (MHz)
	90% OPMUF  =  0.000 (MHz)
	Fprob        =  0.000 (%)
	Lower decile =  0.000
	Upper decile =  0.000
	Basic Loss (< 7000 km)    =  307.000 (dB)
	Median Field Strength     = -307.000 (dB(1 uV/m))
	Receiver Power            = -307.000 (dBW)
	Delay                     =  0.000 (mS)
	Elevation angle   =  0.000 (degs)
	Reflection height =  0.000 (km)
	Receiver Gain = -307.000 (dBi)
**********************************************************
*                       E Mode 4                         *
**********************************************************
	basic MUF  =  0.000 (MHz)
	10% MUF    =  0.000 (MHz)
	50% MUF    =  0.000 (MHz)
	90% MUF    =  0.000 (MHz)
	OPMUF      =  0.000 (MHz)
	10% OPMUF  =  0.000 (MHz)
	90% OPMUF  =  0.000 (MHz)
	Fprob        =  0.000 (%)
	Lower decile =  0.000
	Upper decile =  0.000
	Basic Loss (< 7000 km)    =  307.000 (dB)
	Median Field Strength     = -307.000 (dB(1 uV/m))
	Receiver Power            = -307.000 (dBW)
	Delay                     =  0.000 (mS)
	Elevation angle   =  0.000 (degs)
	Reflection height =  0.000 (km)
	Receiver Gain = -307.000 (dBi)
**********************************************************
*            Control Point   -      T + 1000             *
**********************************************************
	Latitude	=	 0.307	( 17.605)	[17 36 19]
	Longitude	=	-1.069	(-61.239)	[-61 14 22]
	distance =  1000.000
	Magnetic dip (100 km)  =  49.189 (deg)
	Gyrofrequency (100 km) =  1.137 (MHz)
	Magnetic dip (300 km)  =  49.064 (deg)
	Gyrofrequency (300 km) =  1.029 (MHz)
	M(3000)F2 =  3.282
	foE   =  2.457 (MHz)
	foF2  =  5.650 (MHz)
	solar zenith angle =  70.991 (deg)
	solar declination  =  18.660 (deg)
	solar hour angle   = -75.314 (deg)
	equation of time   =  3.701 (minutes)
	local sunrise      =  9:32 (UTC)  5:32 (Local)
	local solar noon   =  16:01 (UTC)  12:01 (Local)
	local sunset       =  22:29 (UTC)  18:29 (Local)
	local time         =  11:00 (UTC)  7:00 (Local)
**********************************************************
*            Control Point   -      T + d0/2             *
**********************************************************
	Latitude	=	 0.336	( 19.252)	[19 15 6]
	Longitude	=	-1.045	(-59.856)	[-59 51 20]
	distance =  1234.147
	Magnetic dip (100 km)  =  50.674 (deg)
	Gyrofrequency (100 km) =  1.155 (MHz)
	Magnetic dip (300 km)  =  50.560 (deg)
	Gyrofrequency (300 km) =  1.046 (MHz)
	M(3000)F2 =  3.274
	foE   =  2.512 (MHz)
	foF2  =  5.640 (MHz)
	solar zenith angle =  69.324 (deg)
	solar declination  =  18.660 (deg)
	solar hour angle   = -73.930 (deg)
	equation of time   =  3.701 (minutes)
	local sunrise      =  9:24 (UTC)  6:24 (Local)
	local solar noon   =  15:55 (UTC)  12:55 (Local)
	local sunset       =  22:26 (UTC)  19:26 (Local)
	local time         =  11:00 (UTC)  8:00 (Local)
**********************************************************
*            Control Point   -       MidPath             *
**********************************************************
	Latitude	=	 0.623	( 35.683)	[35 41 0]
	Longitude	=	-0.749	(-42.915)	[-42 54 55]
	distance =  3702.441
	Magnetic dip (100 km)  =  60.521 (deg)
	Gyrofrequency (100 km) =  1.256 (MHz)
	Magnetic dip (300 km)  =  60.592 (deg)
	Gyrofrequency (300 km) =  1.146 (MHz)
	M(3000)F2 =  3.136
	foE   =  2.893 (MHz)
	foF2  =  5.194 (MHz)
	reflection height  =  299.125 (km)
	solar zenith angle =  52.708 (deg)
	solar declination  =  18.660 (deg)
	solar hour angle   = -56.990 (deg)
	equation of time   =  3.701 (minutes)
	local sunrise      =  7:47 (UTC)  5:47 (Local)
	local solar noon   =  14:47 (UTC)  12:47 (Local)
	local sunset       =  21:48 (UTC)  19:48 (Local)
	local time         =  11:00 (UTC)  9:00 (Local)
**********************************************************
*            Control Point   -      R - d0/2             *
**********************************************************
	Latitude	=	 0.849	( 48.627)	[48 37 38]
	Longitude	=	-0.320	(-18.321)	[-18 19 16]
	distance =  6170.736
	Magnetic dip (100 km)  =  66.119 (deg)
	Gyrofrequency (100 km) =  1.270 (MHz)
	Magnetic dip (300 km)  =  66.047 (deg)
	Gyrofrequency (300 km) =  1.165 (MHz)
	M(3000)F2 =  3.058
	foE   =  3.086 (MHz)
	foF2  =  4.945 (MHz)
	solar zenith angle =  39.749 (deg)
	solar declination  =  18.660 (deg)
	solar hour angle   = -32.396 (deg)
	equation of time   =  3.701 (minutes)
	local sunrise      =  5:33 (UTC)  4:33 (Local)
	local solar noon   =  13:09 (UTC)  12:09 (Local)
	local sunset       =  20:45 (UTC)  19:45 (Local)
	local time         =  11:00 (UTC)  10:00 (Local)
**********************************************************
*            Control Point   -     R - 1000              *
**********************************************************
	Latitude	=	 0.864	( 49.532)	[49 31 54]
	Longitude	=	-0.269	(-15.418)	[-15 25 3]
	distance =  6404.883
	Magnetic dip (100 km)  =  66.514 (deg)
	Gyrofrequency (100 km) =  1.271 (MHz)
	Magnetic dip (300 km)  =  66.420 (deg)
	Gyrofrequency (300 km) =  1.167 (MHz)
	M(3000)F2 =  3.056
	foE   =  3.096 (MHz)
	foF2  =  4.944 (MHz)
	solar zenith angle =  38.864 (deg)
	solar declination  =  18.660 (deg)
	solar hour angle   = -29.492 (deg)
	equation of time   =  3.701 (minutes)
	local sunrise      =  5:18 (UTC)  4:18 (Local)
	local solar noon   =  12:57 (UTC)  11:57 (Local)
	local sunset       =  20:37 (UTC)  19:37 (Local)
	local time         =  11:00 (UTC)  10:00 (Local)
**********************************************************
*               End DumpPathData()                       *
**********************************************************
**********************************************************
*      DumpPathData - p533() Path data structure         *
**********************************************************
**********************************************************
*                 Input Parameters                       *
**********************************************************
	United Kingdom to Caracas
	Year = 2018
	Month = May
	Hour  = 14 (hour UTC)
	SSN (R12) = 10
	Tx power = -10.000 (dB(1kW))
	Tx Location Caracas
	Tx latitude  =  0.183 ( 10.480) [ 10 28 48]
	Tx longitude = -1.168 (-66.900) [-66 54 0]
	Rx Location Birmingham
	Rx latitude  =  0.916 ( 52.486) [ 52 29 10]
	Rx longitude = -0.033 (-1.890) [-1 53 25]
	local time Rx   =  14 
	local time Tx   =  10 
	Frequency =  14.000 (MHz)
	Bandwidth =  1.000 (Hz)
	Short or Long Path = Short
	Modulation = ANALOG
	Required signal-to-noise ratio =  31.000
	Required Reliability (%) =  90
	Required signal-to-interference ratio =  0.000
	Man-made noise = RESIDENTIAL
	Antenna configuration: Transmitter main beam to receiver main beam
	Transmit antenna 14 MHz Dipole at 10 m AAGL    
	Transmit antenna bearing = 36.972583
	Transmit antenna gain offset = 0.000000
	Receive antenna  14 MHz Dipole at 10 m AAGL    
	Receive antenna bearing = 256.209991
	Receive antenna gain offset = 0.000000
**********************************************************
*                 Calculated Parameters                  *
**********************************************************
****************** Distances (km) ************************
	distance =  7404.883
	slant range =  7776.563
	dmax     =  4000.000
************ Maximum Usable Frequencies (MHz) ************
	basic MUF       =  15.866
	10% MUF         =  18.405
	50% MUF         =  15.866
	90% MUF         =  13.125
	Operational MUF =  17.453
	10% OPMUF       =  20.245
	90% OPMUF       =  14.438
********* Lowest Order and Dominant Mode *****************
	lowest order F2 layer mode =  3
	lowest order E layer mode = No Mode
	No Dominant mode for this path length
************************ Season ***************************
	season = Summer
****** Field Strength (dB(1 uV/m)) and Rx Power (dBW) *****
	Field Strength (7000 km > D)           = -20.454
	Field Strength (7000 km < D < 9000 km) = -21.252
	Field Strength           (D > 9000 km) = -24.546
	Median Rx power = -148.716
**************** Rx Elevation Angle (degs)****************
	Rx Elevation angle =  8.000
***************** Short Path Parameters *******************
	"Not otherwise included loss" (dB) =  8.720
***************** Long Path Parameters *******************
	Free-space Field Strength 3 MW e.i.r.p. (dB(1uV/m) =  61.784
	Increased Long Distance Field Strength due to Focusing (dB) =  1.026
	"Not otherwise included loss" (dB) = -0.140
	Upper Reference Frequency (MHz)      =  21.265
	Lower Reference Frequency (MHz)      =  9.381
	Correction Factor at T + dM/2        =  1.473
	Correction Factor at R - dM/2        =  1.501
	Max Antenna Gain G_tl (0 to 8 deg)   =  0.010
	Max Antenna Gain G_w (0 to 8 deg)    =  0.010
	Mean gyrofrequency (T + dM/2 & R - dM/2) =  1.106
	Scale factor f(f ,fL, fM, fH)        =  0.231
***************** Noise Parameters (dB) *******************
	Atmospheric noise upper decile =  8.742
	Atmospheric noise lower decile =  6.415
	Atmospheric noise              =  31.984
	Man made noise upper decile    =  10.600
	Man made noise lower decile    =  5.300
	Man made noise                 =  40.752
	Galactic noise upper decile    =  2.000
	Galactic noise lower decile    =  2.000
	Galactic noise                 =  25.639
	Total noise upper decile       =  10.382
	Total noise lower decile       =  4.801
	Total noise                    =  41.406
********************** SNR Parameters (dB) *************************************
	Monthly median resultant signal-to-noise ratio =  13.879
	Upper decile deviation signal-to-noise ratio   =  10.812
	Lower decile deviation signal-to-noise ratio   =  17.734
	Signal-to-noise exceeded for 90% of the month  = -3.855
********************** SIR Parameters (dB) *************************************
	Signal-to-interference ratio = -307.000
	Upper decile deviation of the signal-to-interference ratio = -307.000
	Lower decile deviation of the signal-to-interference ratio = -307.000
******************** Reliability Parameters (%) *******************************
	Basic Circuit Reliability                      =  0.965
	Multimode Interference                         = -307.000
	Overall Circuit Reliability without scattering =  0.000
	Overall Circuit Reliability with scattering    =  0.000
	Probability of scattering                      =  0.000
	Probability required SNR is achieved                      =  0.000
	Probability required time spread T0 is not exceeded       =  0.000
	Probability required frequency spread f0 is not exceeded  =  0.000
**********************************************************
*                      F2 Mode 1                         *
**********************************************************
	basic MUF  =  0.000 (MHz)
	10% MUF    =  0.000 (MHz)
	50% MUF    =  0.000 (MHz)
	90% MUF    =  0.000 (MHz)
	OPMUF      =  0.000 (MHz)
	10% OPMUF  =  0.000 (MHz)
	90% OPMUF  =  0.000 (MHz)
	Fprob        =  0.000 (%)
	Lower decile =  0.000
	Upper decile =  0.000
	E Layer Screen Frequency  =  0.000 (MHz)
	Basic Loss (< 7000 km)    =  307.000 (dB)
	Median Field Strength     = -307.000 (dB(1 uV/m))
	Receiver Power            = -307.000 (dBW)
	Delay                     =  0.000 (mS)
	Elevation angle   =  0.000 (degs)
	Reflection height =  0.000 (km)
	Receiver Gain = -307.000 (dBi)
**********************************************************
*                      F2 Mode 2                         *
**********************************************************
	basic MUF  =  0.000 (MHz)
	10% MUF    =  0.000 (MHz)
	50% MUF    =  0.000 (MHz)
	90% MUF    =  0.000 (MHz)
	OPMUF      =  0.000 (MHz)
	10% OPMUF  =  0.000 (MHz)
	90% OPMUF  =  0.000 (MHz)
	Fprob        =  0.000 (%)
	Lower decile =  0.000
	Upper decile =  0.000
	E Layer Screen Frequency  =  0.000 (MHz)
	Basic Loss (< 7000 km)    =  307.000 (dB)
	Median Field Strength     = -307.000 (dB(1 uV/m))
	Receiver Power            = -307.000 (dBW)
	Delay                     =  0.000 (mS)
	Elevation angle   =  0.000 (degs)
	Reflection height =  0.000 (km)
	Receiver Gain = -307.000 (dBi)
**********************************************************
*                      F2 Mode 3                         *
**********************************************************
	basic MUF  =  15.866 (MHz)
	10% MUF    =  18.405 (MHz)
	50% MUF    =  15.866 (MHz)
	90% MUF    =  13.125 (MHz)
	OPMUF      =  17.453 (MHz)
	10% OPMUF  =  20.245 (MHz)
	90% OPMUF  =  14.438 (MHz)
	Fprob        =  0.824 (%)
	Lower decile =  0.827
	Upper decile =  1.160
	E Layer Screen Frequency  =  0.000 (MHz)
	Basic Loss (< 7000 km)    =  173.852 (dB)
	Median Field Strength     = -23.672 (dB(1 uV/m))
	Receiver Power            = -153.137 (dBW)
	Delay                     =  0.000 (mS)
	Elevation angle   =  8.711 (degs)
	Reflection height =  413.118 (km)
	Receiver Gain =  0.657 (dBi)
**********************************************************
*                      F2 Mode 4                         *
**********************************************************
	basic MUF  =  13.436 (MHz)
	10% MUF    =  15.585 (MHz)
	50% MUF    =  13.436 (MHz)
	90% MUF    =  11.115 (MHz)
	OPMUF      =  14.779 (MHz)
	10% OPMUF  =  17.144 (MHz)
	90% OPMUF  =  12.226 (MHz)
	Fprob        =  0.334 (%)
	Lower decile =  0.827
	Upper decile =  1.160
	E Layer Screen Frequency  =  0.000 (MHz)
	Basic Loss (< 7000 km)    =  178.022 (dB)
	Median Field Strength     = -24.183 (dB(1 uV/m))
	Receiver Power            = -149.989 (dBW)
	Delay                     =  0.000 (mS)
	Elevation angle   =  14.583 (degs)
	Reflection height =  394.437 (km)
	Receiver Gain =  4.316 (dBi)
**********************************************************
*                      F2 Mode 5                         *
**********************************************************
	basic MUF  =  11.700 (MHz)
	10% MUF    =  13.572 (MHz)
	50% MUF    =  11.700 (MHz)
	90% MUF    =  9.679 (MHz)
	OPMUF      =  12.870 (MHz)
	10% OPMUF  =  14.930 (MHz)
	90% OPMUF  =  10.647 (MHz)
	Fprob        =  0.059 (%)
	Lower decile =  0.827
	Upper decile =  1.160
	E Layer Screen Frequency  =  0.000 (MHz)
	Basic Loss (< 7000 km)    =  187.109 (dB)
	Median Field Strength     = -31.622 (dB(1 uV/m))
	Receiver Power            = -155.775 (dBW)
	Delay                     =  0.000 (mS)
	Elevation angle   =  19.670 (degs)
	Reflection height =  383.229 (km)
	Receiver Gain =  5.969 (dBi)
**********************************************************
*                      F2 Mode 6                         *
**********************************************************
	basic MUF  =  10.477 (MHz)
	10% MUF    =  12.153 (MHz)
	50% MUF    =  10.477 (MHz)
	90% MUF    =  8.667 (MHz)
	OPMUF      =  11.525 (MHz)
	10% OPMUF  =  13.369 (MHz)
	90% OPMUF  =  9.534 (MHz)
	Fprob        =  0.000 (%)
	Lower decile =  0.827
	Upper decile =  1.160
	E Layer Screen Frequency  =  0.000 (MHz)
	Basic Loss (< 7000 km)    =  194.317 (dB)
	Median Field Strength     = -38.050 (dB(1 uV/m))
	Receiver Power            = -161.427 (dBW)
	Delay                     =  0.000 (mS)
	Elevation angle   =  24.226 (degs)
	Reflection height =  375.757 (km)
	Receiver Gain =  6.745 (dBi)
**********************************************************
*                      F2 Mode 7                         *
**********************************************************
	basic MUF  =  9.602 (MHz)
	10% MUF    =  11.138 (MHz)
	50% MUF    =  9.602 (MHz)
	90% MUF    =  7.943 (MHz)
	OPMUF      =  10.562 (MHz)
	10% OPMUF  =  12.252 (MHz)
	90% OPMUF  =  8.737 (MHz)
	Fprob        =  0.000 (%)
	Lower decile =  0.827
	Upper decile =  1.160
	E Layer Screen Frequency  =  0.000 (MHz)
	Basic Loss (< 7000 km)    =  200.479 (dB)
	Median Field Strength     = -43.929 (dB(1 uV/m))
	Receiver Power            = -167.024 (dBW)
	Delay                     =  0.000 (mS)
	Elevation angle   =  28.357 (degs)
	Reflection height =  370.419 (km)
	Receiver Gain =  7.027 (dBi)
**********************************************************
*                      F2 Mode 8                         *
**********************************************************
	basic MUF  =  8.961 (MHz)
	10% MUF    =  10.395 (MHz)
	50% MUF    =  8.961 (MHz)
	90% MUF    =  7.413 (MHz)
	OPMUF      =  9.857 (MHz)
	10% OPMUF  =  11.434 (MHz)
	90% OPMUF  =  8.154 (MHz)
	Fprob        =  0.000 (%)
	Lower decile =  0.827
	Upper decile =  1.160
	E Layer Screen Frequency  =  0.000 (MHz)
	Basic Loss (< 7000 km)    =  206.073 (dB)
	Median Field Strength     = -49.545 (dB(1 uV/m))
	Receiver Power            = -172.662 (dBW)
	Delay                     =  0.000 (mS)
	Elevation angle   =  32.119 (degs)
	Reflection height =  366.416 (km)
	Receiver Gain =  7.005 (dBi)
**********************************************************
*                      F2 Mode 9                         *
**********************************************************
	basic MUF  =  0.000 (MHz)
	10% MUF    =  0.000 (MHz)
	50% MUF    =  0.000 (MHz)
	90% MUF    =  0.000 (MHz)
	OPMUF      =  0.000 (MHz)
	10% OPMUF  =  0.000 (MHz)
	90% OPMUF  =  0.000 (MHz)
	Fprob        =  0.000 (%)
	Lower decile =  0.000
	Upper decile =  0.000
	E Layer Screen Frequency  =  0.000 (MHz)
	Basic Loss (< 7000 km)    =  307.000 (dB)
	Median Field Strength     = -307.000 (dB(1 uV/m))
	Receiver Power            = -307.000 (dBW)
	Delay                     =  0.000 (mS)
	Elevation angle   =  0.000 (degs)
	Reflection height =  363.303 (km)
	Receiver Gain = -307.000 (dBi)
**********************************************************
*                      F2 Mode 10                         *
**********************************************************
	basic MUF  =  0.000 (MHz)
	10% MUF    =  0.000 (MHz)
	50% MUF    =  0.000 (MHz)
	90% MUF    =  0.000 (MHz)
	OPMUF      =  0.000 (MHz)
	10% OPMUF  =  0.000 (MHz)
	90% OPMUF  =  0.000 (MHz)
	Fprob        =  0.000 (%)
	Lower decile =  0.000
	Upper decile =  0.000
	E Layer Screen Frequency  =  0.000 (MHz)
	Basic Loss (< 7000 km)    =  307.000 (dB)
	Median Field Strength     = -307.000 (dB(1 uV/m))
	Receiver Power            = -307.000 (dBW)
	Delay                     =  0.000 (mS)
	Elevation angle   =  0.000 (degs)
	Reflection height =  360.812 (km)
	Receiver Gain = -307.000 (dBi)
**********************************************************
*                      F2 Mode 11                         *
**********************************************************
	basic MUF  =  0.000 (MHz)
	10% MUF    =  0.000 (MHz)
	50% MUF    =  0.000 (MHz)
	90% MUF    =  0.000 (MHz)
	OPMUF      =  0.000 (MHz)
	10% OPMUF  =  0.000 (MHz)
	90% OPMUF  =  0.000 (MHz)
	Fprob        =  0.000 (%)
	Lower decile =  0.000
	Upper decile =  0.000
	E Layer Screen Frequency  =  0.000 (MHz)
	Basic Loss (< 7000 km)    =  307.000 (dB)
	Median Field Strength     = -307.000 (dB(1 uV/m))
	Receiver Power            = -307.000 (dBW)
	Delay                     =  0.000 (mS)
	Elevation angle   =  0.000 (degs)
	Reflection height =  358.774 (km)
	Receiver Gain = -307.000 (dBi)
**********************************************************
*                       E Mode 1                         *
**********************************************************
	basic MUF  =  0.000 (MHz)
	10% MUF    =  0.000 (MHz)
	50% MUF    =  0.000 (MHz)
	90% MUF    =  0.000 (MHz)
	OPMUF      =  0.000 (MHz)
	10% OPMUF  =  0.000 (MHz)
	90% OPMUF  =  0.000 (MHz)
	Fprob        =  0.000 (%)
	Lower decile =  0.000
	Upper decile =  0.000
	Basic Loss (< 7000 km)    =  307.000 (dB)
	Median Field Strength     = -307.000 (dB(1 uV/m))
	Receiver Power            = -307.000 (dBW)
	Delay                     =  0.000 (mS)
	Elevation angle   =  0.000 (degs)
	Reflection height =  0.000 (km)
	Receiver Gain = -307.000 (dBi)
**********************************************************
*                       E Mode 2                         *
**********************************************************
	basic MUF  =  0.000 (MHz)
	10% MUF    =  0.000 (MHz)
	50% MUF    =  0.000 (MHz)
	90% MUF    =  0.000 (MHz)
	OPMUF      =  0.000 (MHz)
	10% OPMUF  =  0.000 (MHz)
	90% OPMUF  =  0.000 (MHz)
	Fprob        =  0.000 (%)
	Lower decile =  0.000
	Upper decile =  0.000
	Basic Loss (< 7000 km)    =  307.000 (dB)
	Median Field Strength     = -307.000 (dB(1 uV/m))
	Receiver Power            = -307.000 (dBW)
	Delay                     =  0.000 (mS)
	Elevation angle   =  0.000 (degs)
	Reflection height =  0.000 (km)
	Receiver Gain = -307.000 (dBi)
**********************************************************
*                       E Mode 3                         *
**********************************************************
	basic MUF  =  0.000 (MHz)
	10% MUF    =  0.000 (MHz)
	50% MUF    =  0.000 (MHz)
	90% MUF    =  0.000 (MHz)
	OPMUF      =  0.000 (MHz)
	10% OPMUF  =  0.000 (MHz)
	90% OPMUF  =  0.000 (MHz)
	Fprob        =  0.000 (%)
	Lower decile =  0.000
	Upper decile =  0.000
	Basic Loss (< 7000 km)    =  307.000 (dB)
	Median Field Strength     = -307.000 (dB(1 uV/m))
	Receiver Power            = -307.000 (dBW)
	Delay                     =  0.000 (mS)
	Elevation angle   =  0.000 (degs)
	Reflection height =  0.000 (km)
	Receiver Gain = -307.000 (dBi)
**********************************************************
*                       E Mode 4                         *
**********************************************************
	basic MUF  =  0.000 (MHz)
	10% MUF    =  0.000 (MHz)
	50% MUF    =  0.000 (MHz)
	90% MUF    =  0.000 (MHz)
	OPMUF      =  0.000 (MHz)
	10% OPMUF  =  0.000 (MHz)
	90% OPMUF  =  0.000 (MHz)
	Fprob        =  0.000 (%)
	Lower decile =  0.000
	Upper decile =  0.000
	Basic Loss (< 7000 km)    =  307.000 (dB)
	Median Field Strength     = -307.000 (dB(1 uV/m))
	Receiver Power            = -307.000 (dBW)
	Delay                     =  0.000 (mS)
	Elevation angle   =  0.000 (degs)
	Reflection height =  0.000 (km)
	Receiver Gain = -307.000 (dBi)
**********************************************************
*            Control Point   -      T + 1000             *
**********************************************************
	Latitude	=	 0.307	( 17.605)	[17 36 19]
	Longitude	=	-1.069	(-61.239)	[-61 14 22]
	distance =  1000.000
	Magnetic dip (100 km)  =  49.189 (deg)
	Gyrofrequency (100 km) =  1.137 (MHz)
	Magnetic dip (300 km)  =  49.064 (deg)
	Gyrofrequency (300 km) =  1.029 (MHz)
	M(3000)F2 =  2.986
	foE   =  3.132 (MHz)
	foF2  =  6.272 (MHz)
	solar zenith angle =  42.959 (deg)
	solar declination  =  18.680 (deg)
	solar hour angle   = -45.314 (deg)
	equation of time   =  3.700 (minutes)
	local sunrise      =  9:32 (UTC)  5:32 (Local)
	local solar noon   =  16:01 (UTC)  12:01 (Local)
	local sunset       =  22:29 (UTC)  18:29 (Local)
	local time         =  13:00 (UTC)  9:00 (Local)
**********************************************************
*            Control Point   -      T + d0/2             *
**********************************************************
	Latitude	=	 0.336	( 19.252)	[19 15 6]
	Longitude	=	-1.045	(-59.856)	[-59 51 20]
	distance =  1234.147
	Magnetic dip (100 km)  =  50.674 (deg)
	Gyrofrequency (100 km) =  1.155 (MHz)
	Magnetic dip (300 km)  =  50.560 (deg)
	Gyrofrequency (300 km) =  1.046 (MHz)
	M(3000)F2 =  2.987
	foE   =  3.148 (MHz)
	foF2  =  6.224 (MHz)
	solar zenith angle =  41.436 (deg)
	solar declination  =  18.680 (deg)
	solar hour angle   = -43.931 (deg)
	equation of time   =  3.700 (minutes)
	local sunrise      =  9:24 (UTC)  6:24 (Local)
	local solar noon   =  15:55 (UTC)  12:55 (Local)
	local sunset       =  22:26 (UTC)  19:26 (Local)
	local time         =  13:00 (UTC)  10:00 (Local)
**********************************************************
*            Control Point   -       MidPath             *
**********************************************************
	Latitude	=	 0.623	( 35.683)	[35 41 0]
	Longitude	=	-0.749	(-42.915)	[-42 54 55]
	distance =  3702.441
	Magnetic dip (100 km)  =  60.521 (deg)
	Gyrofrequency (100 km) =  1.256 (MHz)
	Magnetic dip (300 km)  =  60.592 (deg)
	Gyrofrequency (300 km) =  1.146 (MHz)
	M(3000)F2 =  2.957
	foE   =  3.227 (MHz)
	foF2  =  5.604 (MHz)
	reflection height  =  327.831 (km)
	solar zenith angle =  29.252 (deg)
	solar declination  =  18.680 (deg)
	solar hour angle   = -26.990 (deg)
	equation of time   =  3.700 (minutes)
	local sunrise      =  7:47 (UTC)  5:47 (Local)
	local solar noon   =  14:47 (UTC)  12:47 (Local)
	local sunset       =  21:48 (UTC)  19:48 (Local)
	local time         =  13:00 (UTC)  11:00 (Local)
**********************************************************
*            Control Point   -      R - d0/2             *
**********************************************************
	Latitude	=	 0.849	( 48.627)	[48 37 38]
	Longitude	=	-0.320	(-18.321)	[-18 19 16]
	distance =  6170.736
	Magnetic dip (100 km)  =  66.119 (deg)
	Gyrofrequency (100 km) =  1.270 (MHz)
	Magnetic dip (300 km)  =  66.047 (deg)
	Gyrofrequency (300 km) =  1.165 (MHz)
	M(3000)F2 =  2.988
	foE   =  3.198 (MHz)
	foF2  =  5.093 (MHz)
	solar zenith angle =  30.010 (deg)
	solar declination  =  18.680 (deg)
	solar hour angle   = -2.396 (deg)
	equation of time   =  3.700 (minutes)
	local sunrise      =  5:33 (UTC)  4:33 (Local)
	local solar noon   =  13:09 (UTC)  12:09 (Local)
	local sunset       =  20:45 (UTC)  19:45 (Local)
	local time         =  13:00 (UTC)  12:00 (Local)
**********************************************************
*            Control Point   -     R - 1000              *
**********************************************************
	Latitude	=	 0.864	( 49.532)	[49 31 54]
	Longitude	=	-0.269	(-15.418)	[-15 25 3]
	distance =  6404.883
	Magnetic dip (100 km)  =  66.514 (deg)
	Gyrofrequency (100 km) =  1.271 (MHz)
	Magnetic dip (300 km)  =  66.420 (deg)
	Gyrofrequency (300 km) =  1.167 (MHz)
	M(3000)F2 =  2.995
	foE   =  3.188 (MHz)
	foF2  =  5.050 (MHz)
	solar zenith angle =  30.854 (deg)
	solar declination  =  18.680 (deg)
	solar hour angle   =  0.507 (deg)
	equation of time   =  3.700 (minutes)
	local sunrise      =  5:18 (UTC)  4:18 (Local)
	local solar noon   =  12:57 (UTC)  11:57 (Local)
	local sunset       =  20:37 (UTC)  19:37 (Local)
	local time         =  13:00 (UTC)  12:00 (Local)
**********************************************************
*               End DumpPathData()                       *
**********************************************************
**********************************************************
*      DumpPathData - p533() Path data structure         *
**********************************************************
**********************************************************
*                 Input Parameters                       *
**********************************************************
	United Kingdom to Caracas
	Year = 2018
	Month = May
	Hour  = 16 (hour UTC)
	SSN (R12) = 10
	Tx power = -10.000 (dB(1kW))
	Tx Location Caracas
	Tx latitude  =  0.183 ( 10.480) [ 10 28 48]
	Tx longitude = -1.168 (-66.900) [-66 54 0]
	Rx Location Birmingham
	Rx latitude  =  0.916 ( 52.486) [ 52 29 10]
	Rx longitude = -0.033 (-1.890) [-1 53 25]
	local time Rx   =  16 
	local time Tx   =  12 
	Frequency =  14.000 (MHz)
	Bandwidth =  1.000 (Hz)
	Short or Long Path = Short
	Modulation = ANALOG
	Required signal-to-noise ratio =  31.000
	Required Reliability (%) =  90
	Required signal-to-interference ratio =  0.000
	Man-made noise = RESIDENTIAL
	Antenna configuration: Transmitter main beam to receiver main beam
	Transmit antenna 14 MHz Dipole at 10 m AAGL    
	Transmit antenna bearing = 36.972583
	Transmit antenna gain offset = 0.000000
	Receive antenna  14 MHz Dipole at 10 m AAGL    
	Receive antenna bearing = 256.209991
	Receive antenna gain offset = 0.000000
**********************************************************
*                 Calculated Parameters                  *
**********************************************************
****************** Distances (km) ************************
	distance =  7404.883
	slant range =  7776.563
	dmax     =  4000.000
************ Maximum Usable Frequencies (MHz) ************
	basic MUF       =  15.514
	10% MUF         =  17.876
	50% MUF         =  15.514
	90% MUF         =  12.955
	Operational MUF =  17.066
	10% OPMUF       =  19.664
	90% OPMUF       =  14.251
********* Lowest Order and Dominant Mode *****************
	lowest order F2 layer mode =  3
	lowest order E layer mode = No Mode
	No Dominant mode for this path length
************************ Season ***************************
	season = Summer
****** Field Strength (dB(1 uV/m)) and Rx Power (dBW) *****
	Field Strength (7000 km > D)           = -23.437
	Field Strength (7000 km < D < 9000 km) = -23.929
	Field Strength           (D > 9000 km) = -25.923
	Median Rx power = -152.089
**************** Rx Elevation Angle (degs)****************
	Rx Elevation angle =  8.000
***************** Short Path Parameters *******************
	"Not otherwise included loss" (dB) =  8.720
***************** Long Path Parameters *******************
	Free-space Field Strength 3 MW e.i.r.p. (dB(1uV/m) =  61.784
	Increased Long Distance Field Strength due to Focusing (dB) =  1.026
	"Not otherwise included loss" (dB) = -0.140
	Upper Reference Frequency (MHz)      =  20.752
	Lower Reference Frequency (MHz)      =  9.619
	Correction Factor at T + dM/2        =  1.448
	Correction Factor at R - dM/2        =  1.504
	Max Antenna Gain G_tl (0 to 8 deg)   =  0.010
	Max Antenna Gain G_w (0 to 8 deg)    =  0.010
	Mean gyrofrequency (T + dM/2 & R - dM/2) =  1.106
	Scale factor f(f ,fL, fM, fH)        =  0.209
***************** Noise Parameters (dB) *******************
	Atmospheric noise upper decile =  8.319
	Atmospheric noise lower decile =  6.644
	Atmospheric noise              =  33.167
	Man made noise upper decile    =  10.600
	Man made noise lower decile    =  5.300
	Man made noise                 =  40.752
	Galactic noise upper decile    =  2.000
	Galactic noise lower decile    =  2.000
	Galactic noise                 =  25.639
	Total noise upper decile       =  10.349
	Total noise lower decile       =  4.721
	Total noise                    =  41.504
********************** SNR Parameters (dB) *************************************
	Monthly median resultant signal-to-noise ratio =  10.407
	Upper decile deviation signal-to-noise ratio   =  10.841
	Lower decile deviation signal-to-noise ratio   =  17.683
	Signal-to-noise exceeded for 90% of the month  = -7.277
********************** SIR Parameters (dB) *************************************
	Signal-to-interference ratio = -307.000
	Upper decile deviation of the signal-to-interference ratio = -307.000
	Lower decile deviation of the signal-to-interference ratio = -307.000
******************** Reliability Parameters (%) *******************************
	Basic Circuit Reliability                      =  0.000
	Multimode Interference                         = -307.000
	Overall Circuit Reliability without scattering =  0.000
	Overall Circuit Reliability with scattering    =  0.000
	Probability of scattering                      =  0.000
	Probability required SNR is achieved                      =  0.000
	Probability required time spread T0 is not exceeded       =  0.000
	Probability required frequency spread f0 is not exceeded  =  0.000
**********************************************************
*                      F2 Mode 1                         *
**********************************************************
	basic MUF  =  0.000 (MHz)
	10% MUF    =  0.000 (MHz)
	50% MUF    =  0.000 (MHz)
	90% MUF    =  0.000 (MHz)
	OPMUF      =  0.000 (MHz)
	10% OPMUF  =  0.000 (MHz)
	90% OPMUF  =  0.000 (MHz)
	Fprob        =  0.000 (%)
	Lower decile =  0.000
	Upper decile =  0.000
	E Layer Screen Frequency  =  0.000 (MHz)
	Basic Loss (< 7000 km)    =  307.000 (dB)
	Median Field Strength     = -307.000 (dB(1 uV/m))
	Receiver Power            = -307.000 (dBW)
	Delay                     =  0.000 (mS)
	Elevation angle   =  0.000 (degs)
	Reflection height =  0.000 (km)
	Receiver Gain = -307.000 (dBi)
**********************************************************
*                      F2 Mode 2                         *
**********************************************************
	basic MUF  =  0.000 (MHz)
	10% MUF    =  0.000 (MHz)
	50% MUF    =  0.000 (MHz)
	90% MUF    =  0.000 (MHz)
	OPMUF      =  0.000 (MHz)
	10% OPMUF  =  0.000 (MHz)
	90% OPMUF  =  0.000 (MHz)
	Fprob        =  0.000 (%)
	Lower decile =  0.000
	Upper decile =  0.000
	E Layer Screen Frequency  =  0.000 (MHz)
	Basic Loss (< 7000 km)    =  307.000 (dB)
	Median Field Strength     = -307.000 (dB(1 uV/m))
	Receiver Power            = -307.000 (dBW)
	Delay                     =  0.000 (mS)
	Elevation angle   =  0.000 (degs)
	Reflection height =  0.000 (km)
	Receiver Gain = -307.000 (dBi)
**********************************************************
*                      F2 Mode 3                         *
**********************************************************
	basic MUF  =  15.514 (MHz)
	10% MUF    =  17.876 (MHz)
	50% MUF    =  15.514 (MHz)
	90% MUF    =  12.955 (MHz)
	OPMUF      =  17.066 (MHz)
	10% OPMUF  =  19.664 (MHz)
	90% OPMUF  =  14.251 (MHz)
	Fprob        =  0.797 (%)
	Lower decile =  0.835
	Upper decile =  1.152
	E Layer Screen Frequency  =  0.000 (MHz)
	Basic Loss (< 7000 km)    =  175.199 (dB)
	Median Field Strength     = -25.300 (dB(1 uV/m))
	Receiver Power            = -155.047 (dBW)
	Delay                     =  0.000 (mS)
	Elevation angle   =  8.402 (degs)
	Reflection height =  400.402 (km)
	Receiver Gain =  0.376 (dBi)
**********************************************************
*                      F2 Mode 4                         *
**********************************************************
	basic MUF  =  13.157 (MHz)
	10% MUF    =  15.160 (MHz)
	50% MUF    =  13.157 (MHz)
	90% MUF    =  10.987 (MHz)
	OPMUF      =  14.473 (MHz)
	10% OPMUF  =  16.676 (MHz)
	90% OPMUF  =  12.086 (MHz)
	Fprob        =  0.263 (%)
	Lower decile =  0.835
	Upper decile =  1.152
	E Layer Screen Frequency  =  0.000 (MHz)
	Basic Loss (< 7000 km)    =  182.922 (dB)
	Median Field Strength     = -29.256 (dB(1 uV/m))
	Receiver Power            = -155.236 (dBW)
	Delay                     =  0.000 (mS)
	Elevation angle   =  14.188 (degs)
	Reflection height =  382.945 (km)
	Receiver Gain =  4.143 (dBi)
**********************************************************
*                      F2 Mode 5                         *
**********************************************************
	basic MUF  =  11.456 (MHz)
	10% MUF    =  13.199 (MHz)
	50% MUF    =  11.456 (MHz)
	90% MUF    =  9.566 (MHz)
	OPMUF      =  12.601 (MHz)
	10% OPMUF  =  14.519 (MHz)
	90% OPMUF  =  10.522 (MHz)
	Fprob        =  0.025 (%)
	Lower decile =  0.835
	Upper decile =  1.152
	E Layer Screen Frequency  =  0.000 (MHz)
	Basic Loss (< 7000 km)    =  190.703 (dB)
	Median Field Strength     = -35.323 (dB(1 uV/m))
	Receiver Power            = -159.588 (dBW)
	Delay                     =  0.000 (mS)
	Elevation angle   =  19.203 (degs)
	Reflection height =  372.471 (km)
	Receiver Gain =  5.858 (dBi)
**********************************************************
*                      F2 Mode 6                         *
**********************************************************
	basic MUF  =  10.248 (MHz)
	10% MUF    =  11.807 (MHz)
	50% MUF    =  10.248 (MHz)
	90% MUF    =  8.557 (MHz)
	OPMUF      =  11.272 (MHz)
	10% OPMUF  =  12.988 (MHz)
	90% OPMUF  =  9.413 (MHz)
	Fprob        =  0.000 (%)
	Lower decile =  0.835
	Upper decile =  1.152
	E Layer Screen Frequency  =  0.000 (MHz)
	Basic Loss (< 7000 km)    =  197.381 (dB)
	Median Field Strength     = -41.177 (dB(1 uV/m))
	Receiver Power            = -164.619 (dBW)
	Delay                     =  0.000 (mS)
	Elevation angle   =  23.700 (degs)
	Reflection height =  365.489 (km)
	Receiver Gain =  6.681 (dBi)
**********************************************************
*                      F2 Mode 7                         *
**********************************************************
	basic MUF  =  9.379 (MHz)
	10% MUF    =  10.806 (MHz)
	50% MUF    =  9.379 (MHz)
	90% MUF    =  7.832 (MHz)
	OPMUF      =  10.317 (MHz)
	10% OPMUF  =  11.887 (MHz)
	90% OPMUF  =  8.615 (MHz)
	Fprob        =  0.000 (%)
	Lower decile =  0.835
	Upper decile =  1.152
	E Layer Screen Frequency  =  0.000 (MHz)
	Basic Loss (< 7000 km)    =  203.729 (dB)
	Median Field Strength     = -47.197 (dB(1 uV/m))
	Receiver Power            = -170.309 (dBW)
	Delay                     =  0.000 (mS)
	Elevation angle   =  27.785 (degs)
	Reflection height =  360.501 (km)
	Receiver Gain =  7.011 (dBi)
**********************************************************
*                      F2 Mode 8                         *
**********************************************************
	basic MUF  =  8.741 (MHz)
	10% MUF    =  10.071 (MHz)
	50% MUF    =  8.741 (MHz)
	90% MUF    =  7.299 (MHz)
	OPMUF      =  9.615 (MHz)
	10% OPMUF  =  11.078 (MHz)
	90% OPMUF  =  8.029 (MHz)
	Fprob        =  0.000 (%)
	Lower decile =  0.835
	Upper decile =  1.152
	E Layer Screen Frequency  =  0.000 (MHz)
	Basic Loss (< 7000 km)    =  209.202 (dB)
	Median Field Strength     = -52.655 (dB(1 uV/m))
	Receiver Power            = -175.753 (dBW)
	Delay                     =  0.000 (mS)
	Elevation angle   =  31.514 (degs)
	Reflection height =  356.760 (km)
	Receiver Gain =  7.025 (dBi)
**********************************************************
*                      F2 Mode 9                         *
**********************************************************
	basic MUF  =  0.000 (MHz)
	10% MUF    =  0.000 (MHz)
	50% MUF    =  0.000 (MHz)
	90% MUF    =  0.000 (MHz)
	OPMUF      =  0.000 (MHz)
	10% OPMUF  =  0.000 (MHz)
	90% OPMUF  =  0.000 (MHz)
	Fprob        =  0.000 (%)
	Lower decile =  0.000
	Upper decile =  0.000
	E Layer Screen Frequency  =  0.000 (MHz)
	Basic Loss (< 7000 km)    =  307.000 (dB)
	Median Field Strength     = -307.000 (dB(1 uV/m))
	Receiver Power            = -307.000 (dBW)
	Delay                     =  0.000 (mS)
	Elevation angle   =  0.000 (degs)
	Reflection height =  353.851 (km)
	Receiver Gain = -307.000 (dBi)
**********************************************************
*                      F2 Mode 10                         *
**********************************************************
	basic MUF  =  0.000 (MHz)
	10% MUF    =  0.000 (MHz)
	50% MUF    =  0.000 (MHz)
	90% MUF    =  0.000 (MHz)
	OPMUF      =  0.000 (MHz)
	10% OPMUF  =  0.000 (MHz)
	90% OPMUF  =  0.000 (MHz)
	Fprob        =  0.000 (%)
	Lower decile =  0.000
	Upper decile =  0.000
	E Layer Screen Frequency  =  0.000 (MHz)
	Basic Loss (< 7000 km)    =  307.000 (dB)
	Median Field Strength     = -307.000 (dB(1 uV/m))
	Receiver Power            = -307.000 (dBW)
	Delay                     =  0.000 (mS)
	Elevation angle   =  0.000 (degs)
	Reflection height =  351.523 (km)
	Receiver Gain = -307.000 (dBi)
**********************************************************
*                      F2 Mode 11                         *
**********************************************************
	basic MUF  =  0.000 (MHz)
	10% MUF    =  0.000 (MHz)
	50% MUF    =  0.000 (MHz)
	90% MUF    =  0.000 (MHz)
	OPMUF      =  0.000 (MHz)
	10% OPMUF  =  0.000 (MHz)
	90% OPMUF  =  0.000 (MHz)
	Fprob        =  0.000 (%)
	Lower decile =  0.000
	Upper decile =  0.000
	E Layer Screen Frequency  =  0.000 (MHz)
	Basic Loss (< 7000 km)    =  307.000 (dB)
	Median Field Strength     = -307.000 (dB(1 uV/m))
	Receiver Power            = -307.000 (dBW)
	Delay                     =  0.000 (mS)
	Elevation angle   =  0.000 (degs)
	Reflection height =  349.619 (km)
	Receiver Gain = -307.000 (dBi)
**********************************************************
*                       E Mode 1                         *
**********************************************************
	basic MUF  =  0.000 (MHz)
	10% MUF    =  0.000 (MHz)
	50% MUF    =  0.000 (MHz)
	90% MUF    =  0.000 (MHz)
	OPMUF      =  0.000 (MHz)
	10% OPMUF  =  0.000 (MHz)
	90% OPMUF  =  0.000 (MHz)
	Fprob        =  0.000 (%)
	Lower decile =  0.000
	Upper decile =  0.000
	Basic Loss (< 7000 km)    =  307.000 (dB)
	Median Field Strength     = -307.000 (dB(1 uV/m))
	Receiver Power            = -307.000 (dBW)
	Delay                     =  0.000 (mS)
	Elevation angle   =  0.000 (degs)
	Reflection height =  0.000 (km)
	Receiver Gain = -307.000 (dBi)
**********************************************************
*                       E Mode 2                         *
**********************************************************
	basic MUF  =  0.000 (MHz)
	10% MUF    =  0.000 (MHz)
	50% MUF    =  0.000 (MHz)
	90% MUF    =  0.000 (MHz)
	OPMUF      =  0.000 (MHz)
	10% OPMUF  =  0.000 (MHz)
	90% OPMUF  =  0.000 (MHz)
	Fprob        =  0.000 (%)
	Lower decile =  0.000
	Upper decile =  0.000
	Basic Loss (< 7000 km)    =  307.000 (dB)
	Median Field Strength     = -307.000 (dB(1 uV/m))
	Receiver Power            = -307.000 (dBW)
	Delay                     =  0.000 (mS)
	Elevation angle   =  0.000 (degs)
	Reflection height =  0.000 (km)
	Receiver Gain = -307.000 (dBi)
**********************************************************
*                       E Mode 3                         *
**********************************************************
	basic MUF  =  0.000 (MHz)
	10% MUF    =  0.000 (MHz)
	50% MUF    =  0.000 (MHz)
	90% MUF    =  0.000 (MHz)
	OPMUF      =  0.000 (MHz)
	10% OPMUF  =  0.000 (MHz)
	90% OPMUF  =  0.000 (MHz)
	Fprob        =  0.000 (%)
	Lower decile =  0.000
	Upper decile =  0.000
	Basic Loss (< 7000 km)    =  307.000 (dB)
	Median Field Strength     = -307.000 (dB(1 uV/m))
	Receiver Power            = -307.000 (dBW)
	Delay                     =  0.000 (mS)
	Elevation angle   =  0.000 (degs)
	Reflection height =  0.000 (km)
	Receiver Gain = -307.000 (dBi)
**********************************************************
*                       E Mode 4                         *
**********************************************************
	basic MUF  =  0.000 (MHz)
	10% MUF    =  0.000 (MHz)
	50% MUF    =  0.000 (MHz)
	90% MUF    =  0.000 (MHz)
	OPMUF      =  0.000 (MHz)
	10% OPMUF  =  0.000 (MHz)
	90% OPMUF  =  0.000 (MHz)
	Fprob        =  0.000 (%)
	Lower decile =  0.000
	Upper decile =  0.000
	Basic Loss (< 7000 km)    =  307.000 (dB)
	Median Field Strength     = -307.000 (dB(1 uV/m))
	Receiver Power            = -307.000 (dBW)
	Delay                     =  0.000 (mS)
	Elevation angle   =  0.000 (degs)
	Reflection height =  0.000 (km)
	Receiver Gain = -307.000 (dBi)
**********************************************************
*            Control Point   -      T + 1000             *
**********************************************************
	Latitude	=	 0.307	( 17.605)	[17 36 19]
	Longitude	=	-1.069	(-61.239)	[-61 14 22]
	distance =  1000.000
	Magnetic dip (100 km)  =  49.189 (deg)
	Gyrofrequency (100 km) =  1.137 (MHz)
	Magnetic dip (300 km)  =  49.064 (deg)
	Gyrofrequency (300 km) =  1.029 (MHz)
	M(3000)F2 =  2.931
	foE   =  3.406 (MHz)
	foF2  =  7.824 (MHz)
	solar zenith angle =  14.589 (deg)
	solar declination  =  18.701 (deg)
	solar hour angle   = -15.315 (deg)
	equation of time   =  3.699 (minutes)
	local sunrise      =  9:32 (UTC)  5:32 (Local)
	local solar noon   =  16:01 (UTC)  12:01 (Local)
	local sunset       =  22:29 (UTC)  18:29 (Local)
	local time         =  15:00 (UTC)  11:00 (Local)
**********************************************************
*            Control Point   -      T + d0/2             *
**********************************************************
	Latitude	=	 0.336	( 19.252)	[19 15 6]
	Longitude	=	-1.045	(-59.856)	[-59 51 20]
	distance =  1234.147
	Magnetic dip (100 km)  =  50.674 (deg)
	Gyrofrequency (100 km) =  1.155 (MHz)
	Magnetic dip (300 km)  =  50.560 (deg)
	Gyrofrequency (300 km) =  1.046 (MHz)
	M(3000)F2 =  2.944
	foE   =  3.405 (MHz)
	foF2  =  7.697 (MHz)
	solar zenith angle =  13.182 (deg)
	solar declination  =  18.701 (deg)
	solar hour angle   = -13.931 (deg)
	equation of time   =  3.699 (minutes)
	local sunrise      =  9:24 (UTC)  6:24 (Local)
	local solar noon   =  15:55 (UTC)  12:55 (Local)
	local sunset       =  22:26 (UTC)  19:26 (Local)
	local time         =  15:00 (UTC)  12:00 (Local)
**********************************************************
*            Control Point   -       MidPath             *
**********************************************************
	Latitude	=	 0.623	( 35.683)	[35 41 0]
	Longitude	=	-0.749	(-42.915)	[-42 54 55]
	distance =  3702.441
	Magnetic dip (100 km)  =  60.521 (deg)
	Gyrofrequency (100 km) =  1.256 (MHz)
	Magnetic dip (300 km)  =  60.592 (deg)
	Gyrofrequency (300 km) =  1.146 (MHz)
	M(3000)F2 =  2.985
	foE   =  3.316 (MHz)
	foF2  =  6.081 (MHz)
	reflection height  =  323.203 (km)
	solar zenith angle =  17.190 (deg)
	solar declination  =  18.701 (deg)
	solar hour angle   =  3.009 (deg)
	equation of time   =  3.699 (minutes)
	local sunrise      =  7:47 (UTC)  5:47 (Local)
	local solar noon   =  14:47 (UTC)  12:47 (Local)
	local sunset       =  21:48 (UTC)  19:48 (Local)
	local time         =  15:00 (UTC)  13:00 (Local)
**********************************************************
*            Control Point   -      R - d0/2             *
**********************************************************
	Latitude	=	 0.849	( 48.627)	[48 37 38]
	Longitude	=	-0.320	(-18.321)	[-18 19 16]
	distance =  6170.736
	Magnetic dip (100 km)  =  66.119 (deg)
	Gyrofrequency (100 km) =  1.270 (MHz)
	Magnetic dip (300 km)  =  66.047 (deg)
	Gyrofrequency (300 km) =  1.165 (MHz)
	M(3000)F2 =  3.034
	foE   =  3.118 (MHz)
	foF2  =  4.892 (MHz)
	solar zenith angle =  37.307 (deg)
	solar declination  =  18.701 (deg)
	solar hour angle   =  27.604 (deg)
	equation of time   =  3.699 (minutes)
	local sunrise      =  5:33 (UTC)  4:33 (Local)
	local solar noon   =  13:09 (UTC)  12:09 (Local)
	local sunset       =  20:45 (UTC)  19:45 (Local)
	local time         =  15:00 (UTC)  14:00 (Local)
**********************************************************
*            Control Point   -     R - 1000              *
**********************************************************
	Latitude	=	 0.864	( 49.532)	[49 31 54]
	Longitude	=	-0.269	(-15.418)	[-15 25 3]
	distance =  6404.883
	Magnetic dip (100 km)  =  66.514 (deg)
	Gyrofrequency (100 km) =  1.271 (MHz)
	Magnetic dip (300 km)  =  66.420 (deg)
	Gyrofrequency (300 km) =  1.167 (MHz)
	M(3000)F2 =  3.042
	foE   =  3.090 (MHz)
	foF2  =  4.845 (MHz)
	solar zenith angle =  39.324 (deg)
	solar declination  =  18.701 (deg)
	solar hour angle   =  30.507 (deg)
	equation of time   =  3.699 (minutes)
	local sunrise      =  5:18 (UTC)  4:18 (Local)
	local solar noon   =  12:57 (UTC)  11:57 (Local)
	local sunset       =  20:37 (UTC)  19:37 (Local)
	local time         =  15:00 (UTC)  14:00 (Local)
**********************************************************
*               End DumpPathData()                       *
**********************************************************
**********************************************************
*      DumpPathData - p533() Path data structure         *
**********************************************************
**********************************************************
*                 Input Parameters                       *
**********************************************************
	United Kingdom to Caracas
	Year = 2018
	Month = May
	Hour  = 18 (hour UTC)
	SSN (R12) = 10
	Tx power = -10.000 (dB(1kW))
	Tx Location Caracas
	Tx latitude  =  0.183 ( 10.480) [ 10 28 48]
	Tx longitude = -1.168 (-66.900) [-66 54 0]
	Rx Location Birmingham
	Rx latitude  =  0.916 ( 52.486) [ 52 29 10]
	Rx longitude = -0.033 (-1.890) [-1 53 25]
	local time Rx   =  18 
	local time Tx   =  14 
	Frequency =  14.000 (MHz)
	Bandwidth =  1.000 (Hz)
	Short or Long Path = Short
	Modulation = ANALOG
	Required signal-to-noise ratio =  31.000
	Required Reliability (%) =  90
	Required signal-to-interference ratio =  0.000
	Man-made noise = RESIDENTIAL
	Antenna configuration: Transmitter main beam to receiver main beam
	Transmit antenna 14 MHz Dipole at 10 m AAGL    
	Transmit antenna bearing = 36.972583
	Transmit antenna gain offset = 0.000000
	Receive antenna  14 MHz Dipole at 10 m AAGL    
	Receive antenna bearing = 256.209991
	Receive antenna gain offset = 0.000000
**********************************************************
*                 Calculated Parameters                  *
**********************************************************
****************** Distances (km) ************************
	distance =  7404.883
	slant range =  7776.563
	dmax     =  4000.000
************ Maximum Usable Frequencies (MHz) ************
	basic MUF       =  16.318
	10% MUF         =  18.603
	50% MUF         =  16.318
	90% MUF         =  13.826
	Operational MUF =  17.950
	10% OPMUF       =  20.463
	90% OPMUF       =  15.208
********* Lowest Order and Dominant Mode *****************
	lowest order F2 layer mode =  3
	lowest order E layer mode = No Mode
	No Dominant mode for this path length
************************ Season ***************************
	season = Summer
****** Field Strength (dB(1 uV/m)) and Rx Power (dBW) *****
	Field Strength (7000 km > D)           = -18.360
	Field Strength (7000 km < D < 9000 km) = -19.384
	Field Strength           (D > 9000 km) = -23.673
	Median Rx power = -147.248
**************** Rx Elevation Angle (degs)****************
	Rx Elevation angle =  8.000
***************** Short Path Parameters *******************
	"Not otherwise included loss" (dB) =  8.720
***************** Long Path Parameters *******************
	Free-space Field Strength 3 MW e.i.r.p. (dB(1uV/m) =  61.784
	Increased Long Distance Field Strength due to Focusing (dB) =  1.026
	"Not otherwise included loss" (dB) = -0.140
	Upper Reference Frequency (MHz)      =  21.579
	Lower Reference Frequency (MHz)      =  9.228
	Correction Factor at T + dM/2        =  1.438
	Correction Factor at R - dM/2        =  1.500
	Max Antenna Gain G_tl (0 to 8 deg)   =  0.010
	Max Antenna Gain G_w (0 to 8 deg)    =  0.010
	Mean gyrofrequency (T + dM/2 & R - dM/2) =  1.106
	Scale factor f(f ,fL, fM, fH)        =  0.245
***************** Noise Parameters (dB) *******************
	Atmospheric noise upper decile =  7.566
	Atmospheric noise lower decile =  6.309
	Atmospheric noise              =  33.030
	Man made noise upper decile    =  10.600
	Man made noise lower decile    =  5.300
	Man made noise                 =  40.752
	Galactic noise upper decile    =  2.000
	Galactic noise lower decile    =  2.000
	Galactic noise                 =  25.639
	Total noise upper decile       =  10.394
	Total noise lower decile       =  4.726
	Total noise                    =  41.368
********************** SNR Parameters (dB) *************************************
	Monthly median resultant signal-to-noise ratio =  15.384
	Upper decile deviation signal-to-noise ratio   =  10.821
	Lower decile deviation signal-to-noise ratio   =  17.651
	Signal-to-noise exceeded for 90% of the month  = -2.267
********************** SIR Parameters (dB) *************************************
	Signal-to-interference ratio = -307.000
	Upper decile deviation of the signal-to-interference ratio = -307.000
	Lower decile deviation of the signal-to-interference ratio = -307.000
******************** Reliability Parameters (%) *******************************
	Basic Circuit Reliability                      =  2.745
	Multimode Interference                         = -307.000
	Overall Circuit Reliability without scattering =  0.000
	Overall Circuit Reliability with scattering    =  0.000
	Probability of scattering                      =  0.000
	Probability required SNR is achieved                      =  0.000
	Probability required time spread T0 is not exceeded       =  0.000
	Probability required frequency spread f0 is not exceeded  =  0.000
**********************************************************
*                      F2 Mode 1                         *
**********************************************************
	basic MUF  =  0.000 (MHz)
	10% MUF    =  0.000 (MHz)
	50% MUF    =  0.000 (MHz)
	90% MUF    =  0.000 (MHz)
	OPMUF      =  0.000 (MHz)
	10% OPMUF  =  0.000 (MHz)
	90% OPMUF  =  0.000 (MHz)
	Fprob        =  0.000 (%)
	Lower decile =  0.000
	Upper decile =  0.000
	E Layer Screen Frequency  =  0.000 (MHz)
	Basic Loss (< 7000 km)    =  307.000 (dB)
	Median Field Strength     = -307.000 (dB(1 uV/m))
	Receiver Power            = -307.000 (dBW)
	Delay                     =  0.000 (mS)
	Elevation angle   =  0.000 (degs)
	Reflection height =  0.000 (km)
	Receiver Gain = -307.000 (dBi)
**********************************************************
*                      F2 Mode 2                         *
**********************************************************
	basic MUF  =  0.000 (MHz)
	10% MUF    =  0.000 (MHz)
	50% MUF    =  0.000 (MHz)
	90% MUF    =  0.000 (MHz)
	OPMUF      =  0.000 (MHz)
	10% OPMUF  =  0.000 (MHz)
	90% OPMUF  =  0.000 (MHz)
	Fprob        =  0.000 (%)
	Lower decile =  0.000
	Upper decile =  0.000
	E Layer Screen Frequency  =  0.000 (MHz)
	Basic Loss (< 7000 km)    =  307.000 (dB)
	Median Field Strength     = -307.000 (dB(1 uV/m))
	Receiver Power            = -307.000 (dBW)
	Delay                     =  0.000 (mS)
	Elevation angle   =  0.000 (degs)
	Reflection height =  0.000 (km)
	Receiver Gain = -307.000 (dBi)
**********************************************************
*                      F2 Mode 3                         *
**********************************************************
	basic MUF  =  16.318 (MHz)
	10% MUF    =  18.603 (MHz)
	50% MUF    =  16.318 (MHz)
	90% MUF    =  13.826 (MHz)
	OPMUF      =  17.950 (MHz)
	10% OPMUF  =  20.463 (MHz)
	90% OPMUF  =  15.208 (MHz)
	Fprob        =  0.886 (%)
	Lower decile =  0.847
	Upper decile =  1.140
	E Layer Screen Frequency  =  0.000 (MHz)
	Basic Loss (< 7000 km)    =  171.367 (dB)
	Median Field Strength     = -22.105 (dB(1 uV/m))
	Receiver Power            = -152.489 (dBW)
	Delay                     =  0.000 (mS)
	Elevation angle   =  7.742 (degs)
	Reflection height =  365.367 (km)
	Receiver Gain = -0.261 (dBi)
**********************************************************
*                      F2 Mode 4                         *
**********************************************************
	basic MUF  =  13.879 (MHz)
	10% MUF    =  15.822 (MHz)
	50% MUF    =  13.879 (MHz)
	90% MUF    =  11.759 (MHz)
	OPMUF      =  15.267 (MHz)
	10% OPMUF  =  17.404 (MHz)
	90% OPMUF  =  12.935 (MHz)
	Fprob        =  0.453 (%)
	Lower decile =  0.847
	Upper decile =  1.140
	E Layer Screen Frequency  =  0.000 (MHz)
	Basic Loss (< 7000 km)    =  174.640 (dB)
	Median Field Strength     = -21.373 (dB(1 uV/m))
	Receiver Power            = -147.750 (dBW)
	Delay                     =  0.000 (mS)
	Elevation angle   =  13.344 (degs)
	Reflection height =  351.322 (km)
	Receiver Gain =  3.745 (dBi)
**********************************************************
*                      F2 Mode 5                         *
**********************************************************
	basic MUF  =  12.073 (MHz)
	10% MUF    =  13.763 (MHz)
	50% MUF    =  12.073 (MHz)
	90% MUF    =  10.229 (MHz)
	OPMUF      =  13.280 (MHz)
	10% OPMUF  =  15.140 (MHz)
	90% OPMUF  =  11.252 (MHz)
	Fprob        =  0.074 (%)
	Lower decile =  0.847
	Upper decile =  1.140
	E Layer Screen Frequency  =  0.000 (MHz)
	Basic Loss (< 7000 km)    =  185.736 (dB)
	Median Field Strength     = -30.619 (dB(1 uV/m))
	Receiver Power            = -155.147 (dBW)
	Delay                     =  0.000 (mS)
	Elevation angle   =  18.200 (degs)
	Reflection height =  342.895 (km)
	Receiver Gain =  5.594 (dBi)
**********************************************************
*                      F2 Mode 6                         *
**********************************************************
	basic MUF  =  10.771 (MHz)
	10% MUF    =  12.278 (MHz)
	50% MUF    =  10.771 (MHz)
	90% MUF    =  9.125 (MHz)
	OPMUF      =  11.848 (MHz)
	10% OPMUF  =  13.506 (MHz)
	90% OPMUF  =  10.038 (MHz)
	Fprob        =  0.000 (%)
	Lower decile =  0.847
	Upper decile =  1.140
	E Layer Screen Frequency  =  0.000 (MHz)
	Basic Loss (< 7000 km)    =  192.883 (dB)
	Median Field Strength     = -36.839 (dB(1 uV/m))
	Receiver Power            = -160.438 (dBW)
	Delay                     =  0.000 (mS)
	Elevation angle   =  22.567 (degs)
	Reflection height =  337.277 (km)
	Receiver Gain =  6.524 (dBi)
**********************************************************
*                      F2 Mode 7                         *
**********************************************************
	basic MUF  =  9.824 (MHz)
	10% MUF    =  11.199 (MHz)
	50% MUF    =  9.824 (MHz)
	90% MUF    =  8.323 (MHz)
	OPMUF      =  10.806 (MHz)
	10% OPMUF  =  12.319 (MHz)
	90% OPMUF  =  9.155 (MHz)
	Fprob        =  0.000 (%)
	Lower decile =  0.847
	Upper decile =  1.140
	E Layer Screen Frequency  =  0.000 (MHz)
	Basic Loss (< 7000 km)    =  199.316 (dB)
	Median Field Strength     = -42.850 (dB(1 uV/m))
	Receiver Power            = -166.026 (dBW)
	Delay                     =  0.000 (mS)
	Elevation angle   =  26.548 (degs)
	Reflection height =  333.264 (km)
	Receiver Gain =  6.947 (dBi)
**********************************************************
*                      F2 Mode 8                         *
**********************************************************
	basic MUF  =  9.123 (MHz)
	10% MUF    =  10.400 (MHz)
	50% MUF    =  9.123 (MHz)
	90% MUF    =  7.729 (MHz)
	OPMUF      =  10.035 (MHz)
	10% OPMUF  =  11.440 (MHz)
	90% OPMUF  =  8.502 (MHz)
	Fprob        =  0.000 (%)
	Lower decile =  0.847
	Upper decile =  1.140
	E Layer Screen Frequency  =  0.000 (MHz)
	Basic Loss (< 7000 km)    =  204.920 (dB)
	Median Field Strength     = -48.350 (dB(1 uV/m))
	Receiver Power            = -171.424 (dBW)
	Delay                     =  0.000 (mS)
	Elevation angle   =  30.198 (degs)
	Reflection height =  330.254 (km)
	Receiver Gain =  7.048 (dBi)
**********************************************************
*                      F2 Mode 9                         *
**********************************************************
	basic MUF  =  0.000 (MHz)
	10% MUF    =  0.000 (MHz)
	50% MUF    =  0.000 (MHz)
	90% MUF    =  0.000 (MHz)
	OPMUF      =  0.000 (MHz)
	10% OPMUF  =  0.000 (MHz)
	90% OPMUF  =  0.000 (MHz)
	Fprob        =  0.000 (%)
	Lower decile =  0.000
	Upper decile =  0.000
	E Layer Screen Frequency  =  0.000 (MHz)
	Basic Loss (< 7000 km)    =  307.000 (dB)
	Median Field Strength     = -307.000 (dB(1 uV/m))
	Receiver Power            = -307.000 (dBW)
	Delay                     =  0.000 (mS)
	Elevation angle   =  0.000 (degs)
	Reflection height =  327.913 (km)
	Receiver Gain = -307.000 (dBi)
**********************************************************
*                      F2 Mode 10                         *
**********************************************************
	basic MUF  =  0.000 (MHz)
	10% MUF    =  0.000 (MHz)
	50% MUF    =  0.000 (MHz)
	90% MUF    =  0.000 (MHz)
	OPMUF      =  0.000 (MHz)
	10% OPMUF  =  0.000 (MHz)
	90% OPMUF  =  0.000 (MHz)
	Fprob        =  0.000 (%)
	Lower decile =  0.000
	Upper decile =  0.000
	E Layer Screen Frequency  =  0.000 (MHz)
	Basic Loss (< 7000 km)    =  307.000 (dB)
	Median Field Strength     = -307.000 (dB(1 uV/m))
	Receiver Power            = -307.000 (dBW)
	Delay                     =  0.000 (mS)
	Elevation angle   =  0.000 (degs)
	Reflection height =  326.041 (km)
	Receiver Gain = -307.000 (dBi)
**********************************************************
*                      F2 Mode 11                         *
**********************************************************
	basic MUF  =  0.000 (MHz)
	10% MUF    =  0.000 (MHz)
	50% MUF    =  0.000 (MHz)
	90% MUF    =  0.000 (MHz)
	OPMUF      =  0.000 (MHz)
	10% OPMUF  =  0.000 (MHz)
	90% OPMUF  =  0.000 (MHz)
	Fprob        =  0.000 (%)
	Lower decile =  0.000
	Upper decile =  0.000
	E Layer Screen Frequency  =  0.000 (MHz)
	Basic Loss (< 7000 km)    =  307.000 (dB)
	Median Field Strength     = -307.000 (dB(1 uV/m))
	Receiver Power            = -307.000 (dBW)
	Delay                     =  0.000 (mS)
	Elevation angle   =  0.000 (degs)
	Reflection height =  324.508 (km)
	Receiver Gain = -307.000 (dBi)
**********************************************************
*                       E Mode 1                         *
**********************************************************
	basic MUF  =  0.000 (MHz)
	10% MUF    =  0.000 (MHz)
	50% MUF    =  0.000 (MHz)
	90% MUF    =  0.000 (MHz)
	OPMUF      =  0.000 (MHz)
	10% OPMUF  =  0.000 (MHz)
	90% OPMUF  =  0.000 (MHz)
	Fprob        =  0.000 (%)
	Lower decile =  0.000
	Upper decile =  0.000
	Basic Loss (< 7000 km)    =  307.000 (dB)
	Median Field Strength     = -307.000 (dB(1 uV/m))
	Receiver Power            = -307.000 (dBW)
	Delay                     =  0.000 (mS)
	Elevation angle   =  0.000 (degs)
	Reflection height =  0.000 (km)
	Receiver Gain = -307.000 (dBi)
**********************************************************
*                       E Mode 2                         *
**********************************************************
	basic MUF  =  0.000 (MHz)
	10% MUF    =  0.000 (MHz)
	50% MUF    =  0.000 (MHz)
	90% MUF    =  0.000 (MHz)
	OPMUF      =  0.000 (MHz)
	10% OPMUF  =  0.000 (MHz)
	90% OPMUF  =  0.000 (MHz)
	Fprob        =  0.000 (%)
	Lower decile =  0.000
	Upper decile =  0.000
	Basic Loss (< 7000 km)    =  307.000 (dB)
	Median Field Strength     = -307.000 (dB(1 uV/m))
	Receiver Power            = -307.000 (dBW)
	Delay                     =  0.000 (mS)
	Elevation angle   =  0.000 (degs)
	Reflection height =  0.000 (km)
	Receiver Gain = -307.000 (dBi)
**********************************************************
*                       E Mode 3                         *
**********************************************************
	basic MUF  =  0.000 (MHz)
	10% MUF    =  0.000 (MHz)
	50% MUF    =  0.000 (MHz)
	90% MUF    =  0.000 (MHz)
	OPMUF      =  0.000 (MHz)
	10% OPMUF  =  0.000 (MHz)
	90% OPMUF  =  0.000 (MHz)
	Fprob        =  0.000 (%)
	Lower decile =  0.000
	Upper decile =  0.000
	Basic Loss (< 7000 km)    =  307.000 (dB)
	Median Field Strength     = -307.000 (dB(1 uV/m))
	Receiver Power            = -307.000 (dBW)
	Delay                     =  0.000 (mS)
	Elevation angle   =  0.000 (degs)
	Reflection height =  0.000 (km)
	Receiver Gain = -307.000 (dBi)
**********************************************************
*                       E Mode 4                         *
**********************************************************
	basic MUF  =  0.000 (MHz)
	10% MUF    =  0.000 (MHz)
	50% MUF    =  0.000 (MHz)
	90% MUF    =  0.000 (MHz)
	OPMUF      =  0.000 (MHz)
	10% OPMUF  =  0.000 (MHz)
	90% OPMUF  =  0.000 (MHz)
	Fprob        =  0.000 (%)
	Lower decile =  0.000
	Upper decile =  0.000
	Basic Loss (< 7000 km)    =  307.000 (dB)
	Median Field Strength     = -307.000 (dB(1 uV/m))
	Receiver Power            = -307.000 (dBW)
	Delay                     =  0.000 (mS)
	Elevation angle   =  0.000 (degs)
	Reflection height =  0.000 (km)
	Receiver Gain = -307.000 (dBi)
**********************************************************
*            Control Point   -      T + 1000             *
**********************************************************
	Latitude	=	 0.307	( 17.605)	[17 36 19]
	Longitude	=	-1.069	(-61.239)	[-61 14 22]
	distance =  1000.000
	Magnetic dip (100 km)  =  49.189 (deg)
	Gyrofrequency (100 km) =  1.137 (MHz)
	Magnetic dip (300 km)  =  49.064 (deg)
	Gyrofrequency (300 km) =  1.029 (MHz)
	M(3000)F2 =  3.031
	foE   =  3.408 (MHz)
	foF2  =  8.559 (MHz)
	solar zenith angle =  13.994 (deg)
	solar declination  =  18.721 (deg)
	solar hour angle   =  14.685 (deg)
	equation of time   =  3.698 (minutes)
	local sunrise      =  9:32 (UTC)  5:32 (Local)
	local solar noon   =  16:01 (UTC)  12:01 (Local)
	local sunset       =  22:29 (UTC)  18:29 (Local)
	local time         =  17:00 (UTC)  13:00 (Local)
**********************************************************
*            Control Point   -      T + d0/2             *
**********************************************************
	Latitude	=	 0.336	( 19.252)	[19 15 6]
	Longitude	=	-1.045	(-59.856)	[-59 51 20]
	distance =  1234.147
	Magnetic dip (100 km)  =  50.674 (deg)
	Gyrofrequency (100 km) =  1.155 (MHz)
	Magnetic dip (300 km)  =  50.560 (deg)
	Gyrofrequency (300 km) =  1.046 (MHz)
	M(3000)F2 =  3.038
	foE   =  3.396 (MHz)
	foF2  =  8.281 (MHz)
	solar zenith angle =  15.198 (deg)
	solar declination  =  18.721 (deg)
	solar hour angle   =  16.069 (deg)
	equation of time   =  3.698 (minutes)
	local sunrise      =  9:24 (UTC)  6:24 (Local)
	local solar noon   =  15:55 (UTC)  12:55 (Local)
	local sunset       =  22:26 (UTC)  19:26 (Local)
	local time         =  17:00 (UTC)  14:00 (Local)
**********************************************************
*            Control Point   -       MidPath             *
**********************************************************
	Latitude	=	 0.623	( 35.683)	[35 41 0]
	Longitude	=	-0.749	(-42.915)	[-42 54 55]
	distance =  3702.441
	Magnetic dip (100 km)  =  60.521 (deg)
	Gyrofrequency (100 km) =  1.256 (MHz)
	Magnetic dip (300 km)  =  60.592 (deg)
	Gyrofrequency (300 km) =  1.146 (MHz)
	M(3000)F2 =  3.071
	foE   =  3.182 (MHz)
	foF2  =  5.903 (MHz)
	reflection height  =  309.238 (km)
	solar zenith angle =  33.662 (deg)
	solar declination  =  18.721 (deg)
	solar hour angle   =  33.009 (deg)
	equation of time   =  3.698 (minutes)
	local sunrise      =  7:47 (UTC)  5:47 (Local)
	local solar noon   =  14:47 (UTC)  12:47 (Local)
	local sunset       =  21:48 (UTC)  19:48 (Local)
	local time         =  17:00 (UTC)  15:00 (Local)
**********************************************************
*            Control Point   -      R - d0/2             *
**********************************************************
	Latitude	=	 0.849	( 48.627)	[48 37 38]
	Longitude	=	-0.320	(-18.321)	[-18 19 16]
	distance =  6170.736
	Magnetic dip (100 km)  =  66.119 (deg)
	Gyrofrequency (100 km) =  1.270 (MHz)
	Magnetic dip (300 km)  =  66.047 (deg)
	Gyrofrequency (300 km) =  1.165 (MHz)
	M(3000)F2 =  3.135
	foE   =  2.830 (MHz)
	foF2  =  4.951 (MHz)
	solar zenith angle =  54.813 (deg)
	solar declination  =  18.721 (deg)
	solar hour angle   =  57.603 (deg)
	equation of time   =  3.698 (minutes)
	local sunrise      =  5:33 (UTC)  4:33 (Local)
	local solar noon   =  13:09 (UTC)  12:09 (Local)
	local sunset       =  20:45 (UTC)  19:45 (Local)
	local time         =  17:00 (UTC)  16:00 (Local)
**********************************************************
*            Control Point   -     R - 1000              *
**********************************************************
	Latitude	=	 0.864	( 49.532)	[49 31 54]
	Longitude	=	-0.269	(-15.418)	[-15 25 3]
	distance =  6404.883
	Magnetic dip (100 km)  =  66.514 (deg)
	Gyrofrequency (100 km) =  1.271 (MHz)
	Magnetic dip (300 km)  =  66.420 (deg)
	Gyrofrequency (300 km) =  1.167 (MHz)
	M(3000)F2 =  3.142
	foE   =  2.784 (MHz)
	foF2  =  4.947 (MHz)
	solar zenith angle =  56.853 (deg)
	solar declination  =  18.721 (deg)
	solar hour angle   =  60.507 (deg)
	equation of time   =  3.698 (minutes)
	local sunrise      =  5:18 (UTC)  4:18 (Local)
	local solar noon   =  12:57 (UTC)  11:57 (Local)
	local sunset       =  20:37 (UTC)  19:37 (Local)
	local time         =  17:00 (UTC)  16:00 (Local)
**********************************************************
*               End DumpPathData()                       *
**********************************************************
**********************************************************
*      DumpPathData - p533() Path data structure         *
**********************************************************
**********************************************************
*                 Input Parameters                       *
**********************************************************
	United Kingdom to Caracas
	Year = 2018
	Month = May
	Hour  = 20 (hour UTC)
	SSN (R12) = 10
	Tx power = -10.000 (dB(1kW))
	Tx Location Caracas
	Tx latitude  =  0.183 ( 10.480) [ 10 28 48]
	Tx longitude = -1.168 (-66.900) [-66 54 0]
	Rx Location Birmingham
	Rx latitude  =  0.916 ( 52.486) [ 52 29 10]
	Rx longitude = -0.033 (-1.890) [-1 53 25]
	local time Rx   =  20 
	local time Tx   =  16 
	Frequency =  14.000 (MHz)
	Bandwidth =  1.000 (Hz)
	Short or Long Path = Short
	Modulation = ANALOG
	Required signal-to-noise ratio =  31.000
	Required Reliability (%) =  90
	Required signal-to-interference ratio =  0.000
	Man-made noise = RESIDENTIAL
	Antenna configuration: Transmitter main beam to receiver main beam
	Transmit antenna 14 MHz Dipole at 10 m AAGL    
	Transmit antenna bearing = 36.972583
	Transmit antenna gain offset = 0.000000
	Receive antenna  14 MHz Dipole at 10 m AAGL    
	Receive antenna bearing = 256.209991
	Receive antenna gain offset = 0.000000
**********************************************************
*                 Calculated Parameters                  *
**********************************************************
****************** Distances (km) ************************
	distance =  7404.883
	slant range =  7776.563
	dmax     =  4000.000
************ Maximum Usable Frequencies (MHz) ************
	basic MUF       =  19.217
	10% MUF         =  21.949
	50% MUF         =  19.217
	90% MUF         =  16.173
	Operational MUF =  21.139
	10% OPMUF       =  24.143
	90% OPMUF       =  17.791
********* Lowest Order and Dominant Mode *****************
	lowest order F2 layer mode =  3
	lowest order E layer mode = No Mode
	No Dominant mode for this path length
************************ Season ***************************
	season = Summer
****** Field Strength (dB(1 uV/m)) and Rx Power (dBW) *****
	Field Strength (7000 km > D)           = -6.281
	Field Strength (7000 km < D < 9000 km) = -8.033
	Field Strength           (D > 9000 km) = -15.715
	Median Rx power = -134.662
**************** Rx Elevation Angle (degs)****************
	Rx Elevation angle =  8.000
***************** Short Path Parameters *******************
	"Not otherwise included loss" (dB) =  8.720
***************** Long Path Parameters *******************
	Free-space Field Strength 3 MW e.i.r.p. (dB(1uV/m) =  61.784
	Increased Long Distance Field Strength due to Focusing (dB) =  1.026
	"Not otherwise included loss" (dB) = -0.140
	Upper Reference Frequency (MHz)      =  25.042
	Lower Reference Frequency (MHz)      =  8.075
	Correction Factor at T + dM/2        =  1.433
	Correction Factor at R - dM/2        =  1.489
	Max Antenna Gain G_tl (0 to 8 deg)   =  0.010
	Max Antenna Gain G_w (0 to 8 deg)    =  0.010
	Mean gyrofrequency (T + dM/2 & R - dM/2) =  1.106
	Scale factor f(f ,fL, fM, fH)        =  0.374
***************** Noise Parameters (dB) *******************
	Atmospheric noise upper decile =  6.275
	Atmospheric noise lower decile =  5.256
	Atmospheric noise              =  31.416
	Man made noise upper decile    =  10.600
	Man made noise lower decile    =  5.300
	Man made noise                 =  40.752
	Galactic noise upper decile    =  2.000
	Galactic noise lower decile    =  2.000
	Galactic noise                 =  25.639
	Total noise upper decile       =  10.485
	Total noise lower decile       =  4.881
	Total noise                    =  41.098
********************** SNR Parameters (dB) *************************************
	Monthly median resultant signal-to-noise ratio =  28.240
	Upper decile deviation signal-to-noise ratio   =  9.364
	Lower decile deviation signal-to-noise ratio   =  15.235
	Signal-to-noise exceeded for 90% of the month  =  13.004
********************** SIR Parameters (dB) *************************************
	Signal-to-interference ratio = -307.000
	Upper decile deviation of the signal-to-interference ratio = -307.000
	Lower decile deviation of the signal-to-interference ratio = -307.000
******************** Reliability Parameters (%) *******************************
	Basic Circuit Reliability                      =  31.786
	Multimode Interference                         = -307.000
	Overall Circuit Reliability without scattering =  0.000
	Overall Circuit Reliability with scattering    =  0.000
	Probability of scattering                      =  0.000
	Probability required SNR is achieved                      =  0.000
	Probability required time spread T0 is not exceeded       =  0.000
	Probability required frequency spread f0 is not exceeded  =  0.000
**********************************************************
*                      F2 Mode 1                         *
**********************************************************
	basic MUF  =  0.000 (MHz)
	10% MUF    =  0.000 (MHz)
	50% MUF    =  0.000 (MHz)
	90% MUF    =  0.000 (MHz)
	OPMUF      =  0.000 (MHz)
	10% OPMUF  =  0.000 (MHz)
	90% OPMUF  =  0.000 (MHz)
	Fprob        =  0.000 (%)
	Lower decile =  0.000
	Upper decile =  0.000
	E Layer Screen Frequency  =  0.000 (MHz)
	Basic Loss (< 7000 km)    =  307.000 (dB)
	Median Field Strength     = -307.000 (dB(1 uV/m))
	Receiver Power            = -307.000 (dBW)
	Delay                     =  0.000 (mS)
	Elevation angle   =  0.000 (degs)
	Reflection height =  0.000 (km)
	Receiver Gain = -307.000 (dBi)
**********************************************************
*                      F2 Mode 2                         *
**********************************************************
	basic MUF  =  0.000 (MHz)
	10% MUF    =  0.000 (MHz)
	50% MUF    =  0.000 (MHz)
	90% MUF    =  0.000 (MHz)
	OPMUF      =  0.000 (MHz)
	10% OPMUF  =  0.000 (MHz)
	90% OPMUF  =  0.000 (MHz)
	Fprob        =  0.000 (%)
	Lower decile =  0.000
	Upper decile =  0.000
	E Layer Screen Frequency  =  0.000 (MHz)
	Basic Loss (< 7000 km)    =  307.000 (dB)
	Median Field Strength     = -307.000 (dB(1 uV/m))
	Receiver Power            = -307.000 (dBW)
	Delay                     =  0.000 (mS)
	Elevation angle   =  0.000 (degs)
	Reflection height =  0.000 (km)
	Receiver Gain = -307.000 (dBi)
**********************************************************
*                      F2 Mode 3                         *
**********************************************************
	basic MUF  =  19.217 (MHz)
	10% MUF    =  21.949 (MHz)
	50% MUF    =  19.217 (MHz)
	90% MUF    =  16.173 (MHz)
	OPMUF      =  21.139 (MHz)
	10% OPMUF  =  24.143 (MHz)
	90% OPMUF  =  17.791 (MHz)
	Fprob        =  1.000 (%)
	Lower decile =  0.842
	Upper decile =  1.142
	E Layer Screen Frequency  =  0.000 (MHz)
	Basic Loss (< 7000 km)    =  163.289 (dB)
	Median Field Strength     = -14.524 (dB(1 uV/m))
	Receiver Power            = -145.405 (dBW)
	Delay                     =  0.000 (mS)
	Elevation angle   =  7.268 (degs)
	Reflection height =  319.091 (km)
	Receiver Gain = -0.758 (dBi)
**********************************************************
*                      F2 Mode 4                         *
**********************************************************
	basic MUF  =  16.384 (MHz)
	10% MUF    =  18.713 (MHz)
	50% MUF    =  16.384 (MHz)
	90% MUF    =  13.789 (MHz)
	OPMUF      =  18.022 (MHz)
	10% OPMUF  =  20.584 (MHz)
	90% OPMUF  =  15.168 (MHz)
	Fprob        =  0.883 (%)
	Lower decile =  0.842
	Upper decile =  1.142
	E Layer Screen Frequency  =  0.000 (MHz)
	Basic Loss (< 7000 km)    =  163.426 (dB)
	Median Field Strength     = -10.469 (dB(1 uV/m))
	Receiver Power            = -137.157 (dBW)
	Delay                     =  0.000 (mS)
	Elevation angle   =  12.736 (degs)
	Reflection height =  309.447 (km)
	Receiver Gain =  3.435 (dBi)
**********************************************************
*                      F2 Mode 5                         *
**********************************************************
	basic MUF  =  14.241 (MHz)
	10% MUF    =  16.265 (MHz)
	50% MUF    =  14.241 (MHz)
	90% MUF    =  11.985 (MHz)
	OPMUF      =  15.665 (MHz)
	10% OPMUF  =  17.892 (MHz)
	90% OPMUF  =  13.184 (MHz)
	Fprob        =  0.577 (%)
	Lower decile =  0.842
	Upper decile =  1.142
	E Layer Screen Frequency  =  0.000 (MHz)
	Basic Loss (< 7000 km)    =  164.745 (dB)
	Median Field Strength     = -9.845 (dB(1 uV/m))
	Receiver Power            = -134.590 (dBW)
	Delay                     =  0.000 (mS)
	Elevation angle   =  17.475 (degs)
	Reflection height =  303.660 (km)
	Receiver Gain =  5.377 (dBi)
**********************************************************
*                      F2 Mode 6                         *
**********************************************************
	basic MUF  =  12.674 (MHz)
	10% MUF    =  14.475 (MHz)
	50% MUF    =  12.674 (MHz)
	90% MUF    =  10.666 (MHz)
	OPMUF      =  13.941 (MHz)
	10% OPMUF  =  15.922 (MHz)
	90% OPMUF  =  11.733 (MHz)
	Fprob        =  0.161 (%)
	Lower decile =  0.842
	Upper decile =  1.142
	E Layer Screen Frequency  =  0.000 (MHz)
	Basic Loss (< 7000 km)    =  178.563 (dB)
	Median Field Strength     = -22.657 (dB(1 uV/m))
	Receiver Power            = -146.388 (dBW)
	Delay                     =  0.000 (mS)
	Elevation angle   =  21.744 (degs)
	Reflection height =  299.803 (km)
	Receiver Gain =  6.392 (dBi)
**********************************************************
*                      F2 Mode 7                         *
**********************************************************
	basic MUF  =  11.523 (MHz)
	10% MUF    =  13.161 (MHz)
	50% MUF    =  11.523 (MHz)
	90% MUF    =  9.698 (MHz)
	OPMUF      =  12.675 (MHz)
	10% OPMUF  =  14.477 (MHz)
	90% OPMUF  =  10.667 (MHz)
	Fprob        =  0.018 (%)
	Lower decile =  0.842
	Upper decile =  1.142
	E Layer Screen Frequency  =  0.000 (MHz)
	Basic Loss (< 7000 km)    =  186.139 (dB)
	Median Field Strength     = -29.735 (dB(1 uV/m))
	Receiver Power            = -152.976 (dBW)
	Delay                     =  0.000 (mS)
	Elevation angle   =  25.646 (degs)
	Reflection height =  297.047 (km)
	Receiver Gain =  6.882 (dBi)
**********************************************************
*                      F2 Mode 8                         *
**********************************************************
	basic MUF  =  10.665 (MHz)
	10% MUF    =  12.181 (MHz)
	50% MUF    =  10.665 (MHz)
	90% MUF    =  8.976 (MHz)
	OPMUF      =  11.732 (MHz)
	10% OPMUF  =  13.399 (MHz)
	90% OPMUF  =  9.873 (MHz)
	Fprob        =  0.000 (%)
	Lower decile =  0.842
	Upper decile =  1.142
	E Layer Screen Frequency  =  0.000 (MHz)
	Basic Loss (< 7000 km)    =  192.166 (dB)
	Median Field Strength     = -35.602 (dB(1 uV/m))
	Receiver Power            = -158.682 (dBW)
	Delay                     =  0.000 (mS)
	Elevation angle   =  29.234 (degs)
	Reflection height =  294.980 (km)
	Receiver Gain =  7.042 (dBi)
**********************************************************
*                      F2 Mode 9                         *
**********************************************************
	basic MUF  =  0.000 (MHz)
	10% MUF    =  0.000 (MHz)
	50% MUF    =  0.000 (MHz)
	90% MUF    =  0.000 (MHz)
	OPMUF      =  0.000 (MHz)
	10% OPMUF  =  0.000 (MHz)
	90% OPMUF  =  0.000 (MHz)
	Fprob        =  0.000 (%)
	Lower decile =  0.000
	Upper decile =  0.000
	E Layer Screen Frequency  =  0.000 (MHz)
	Basic Loss (< 7000 km)    =  307.000 (dB)
	Median Field Strength     = -307.000 (dB(1 uV/m))
	Receiver Power            = -307.000 (dBW)
	Delay                     =  0.000 (mS)
	Elevation angle   =  0.000 (degs)
	Reflection height =  293.373 (km)
	Receiver Gain = -307.000 (dBi)
**********************************************************
*                      F2 Mode 10                         *
**********************************************************
	basic MUF  =  0.000 (MHz)
	10% MUF    =  0.000 (MHz)
	50% MUF    =  0.000 (MHz)
	90% MUF    =  0.000 (MHz)
	OPMUF      =  0.000 (MHz)
	10% OPMUF  =  0.000 (MHz)
	90% OPMUF  =  0.000 (MHz)
	Fprob        =  0.000 (%)
	Lower decile =  0.000
	Upper decile =  0.000
	E Layer Screen Frequency  =  0.000 (MHz)
	Basic Loss (< 7000 km)    =  307.000 (dB)
	Median Field Strength     = -307.000 (dB(1 uV/m))
	Receiver Power            = -307.000 (dBW)
	Delay                     =  0.000 (mS)
	Elevation angle   =  0.000 (degs)
	Reflection height =  292.087 (km)
	Receiver Gain = -307.000 (dBi)
**********************************************************
*                      F2 Mode 11                         *
**********************************************************
	basic MUF  =  0.000 (MHz)
	10% MUF    =  0.000 (MHz)
	50% MUF    =  0.000 (MHz)
	90% MUF    =  0.000 (MHz)
	OPMUF      =  0.000 (MHz)
	10% OPMUF  =  0.000 (MHz)
	90% OPMUF  =  0.000 (MHz)
	Fprob        =  0.000 (%)
	Lower decile =  0.000
	Upper decile =  0.000
	E Layer Screen Frequency  =  0.000 (MHz)
	Basic Loss (< 7000 km)    =  307.000 (dB)
	Median Field Strength     = -307.000 (dB(1 uV/m))
	Receiver Power            = -307.000 (dBW)
	Delay                     =  0.000 (mS)
	Elevation angle   =  0.000 (degs)
	Reflection height =  291.035 (km)
	Receiver Gain = -307.000 (dBi)
**********************************************************
*                       E Mode 1                         *
**********************************************************
	basic MUF  =  0.000 (MHz)
	10% MUF    =  0.000 (MHz)
	50% MUF    =  0.000 (MHz)
	90% MUF    =  0.000 (MHz)
	OPMUF      =  0.000 (MHz)
	10% OPMUF  =  0.000 (MHz)
	90% OPMUF  =  0.000 (MHz)
	Fprob        =  0.000 (%)
	Lower decile =  0.000
	Upper decile =  0.000
	Basic Loss (< 7000 km)    =  307.000 (dB)
	Median Field Strength     = -307.000 (dB(1 uV/m))
	Receiver Power            = -307.000 (dBW)
	Delay                     =  0.000 (mS)
	Elevation angle   =  0.000 (degs)
	Reflection height =  0.000 (km)
	Receiver Gain = -307.000 (dBi)
**********************************************************
*                       E Mode 2                         *
**********************************************************
	basic MUF  =  0.000 (MHz)
	10% MUF    =  0.000 (MHz)
	50% MUF    =  0.000 (MHz)
	90% MUF    =  0.000 (MHz)
	OPMUF      =  0.000 (MHz)
	10% OPMUF  =  0.000 (MHz)
	90% OPMUF  =  0.000 (MHz)
	Fprob        =  0.000 (%)
	Lower decile =  0.000
	Upper decile =  0.000
	Basic Loss (< 7000 km)    =  307.000 (dB)
	Median Field Strength     = -307.000 (dB(1 uV/m))
	Receiver Power            = -307.000 (dBW)
	Delay                     =  0.000 (mS)
	Elevation angle   =  0.000 (degs)
	Reflection height =  0.000 (km)
	Receiver Gain = -307.000 (dBi)
**********************************************************
*                       E Mode 3                         *
**********************************************************
	basic MUF  =  0.000 (MHz)
	10% MUF    =  0.000 (MHz)
	50% MUF    =  0.000 (MHz)
	90% MUF    =  0.000 (MHz)
	OPMUF      =  0.000 (MHz)
	10% OPMUF  =  0.000 (MHz)
	90% OPMUF  =  0.000 (MHz)
	Fprob        =  0.000 (%)
	Lower decile =  0.000
	Upper decile =  0.000
	Basic Loss (< 7000 km)    =  307.000 (dB)
	Median Field Strength     = -307.000 (dB(1 uV/m))
	Receiver Power            = -307.000 (dBW)
	Delay                     =  0.000 (mS)
	Elevation angle   =  0.000 (degs)
	Reflection height =  0.000 (km)
	Receiver Gain = -307.000 (dBi)
**********************************************************
*                       E Mode 4                         *
**********************************************************
	basic MUF  =  0.000 (MHz)
	10% MUF    =  0.000 (MHz)
	50% MUF    =  0.000 (MHz)
	90% MUF    =  0.000 (MHz)
	OPMUF      =  0.000 (MHz)
	10% OPMUF  =  0.000 (MHz)
	90% OPMUF  =  0.000 (MHz)
	Fprob        =  0.000 (%)
	Lower decile =  0.000
	Upper decile =  0.000
	Basic Loss (< 7000 km)    =  307.000 (dB)
	Median Field Strength     = -307.000 (dB(1 uV/m))
	Receiver Power            = -307.000 (dBW)
	Delay                     =  0.000 (mS)
	Elevation angle   =  0.000 (degs)
	Reflection height =  0.000 (km)
	Receiver Gain = -307.000 (dBi)
**********************************************************
*            Control Point   -      T + 1000             *
**********************************************************
	Latitude	=	 0.307	( 17.605)	[17 36 19]
	Longitude	=	-1.069	(-61.239)	[-61 14 22]
	distance =  1000.000
	Magnetic dip (100 km)  =  49.189 (deg)
	Gyrofrequency (100 km) =  1.137 (MHz)
	Magnetic dip (300 km)  =  49.064 (deg)
	Gyrofrequency (300 km) =  1.029 (MHz)
	M(3000)F2 =  3.143
	foE   =  3.141 (MHz)
	foF2  =  8.840 (MHz)
	solar zenith angle =  42.359 (deg)
	solar declination  =  18.741 (deg)
	solar hour angle   =  44.685 (deg)
	equation of time   =  3.696 (minutes)
	local sunrise      =  9:32 (UTC)  5:32 (Local)
	local solar noon   =  16:01 (UTC)  12:01 (Local)
	local sunset       =  22:29 (UTC)  18:29 (Local)
	local time         =  19:00 (UTC)  15:00 (Local)
**********************************************************
*            Control Point   -      T + d0/2             *
**********************************************************
	Latitude	=	 0.336	( 19.252)	[19 15 6]
	Longitude	=	-1.045	(-59.856)	[-59 51 20]
	distance =  1234.147
	Magnetic dip (100 km)  =  50.674 (deg)
	Gyrofrequency (100 km) =  1.155 (MHz)
	Magnetic dip (300 km)  =  50.560 (deg)
	Gyrofrequency (300 km) =  1.046 (MHz)
	M(3000)F2 =  3.147
	foE   =  3.118 (MHz)
	foF2  =  8.560 (MHz)
	solar zenith angle =  43.430 (deg)
	solar declination  =  18.741 (deg)
	solar hour angle   =  46.068 (deg)
	equation of time   =  3.696 (minutes)
	local sunrise      =  9:24 (UTC)  6:24 (Local)
	local solar noon   =  15:55 (UTC)  12:55 (Local)
	local sunset       =  22:26 (UTC)  19:26 (Local)
	local time         =  19:00 (UTC)  16:00 (Local)
**********************************************************
*            Control Point   -       MidPath             *
**********************************************************
	Latitude	=	 0.623	( 35.683)	[35 41 0]
	Longitude	=	-0.749	(-42.915)	[-42 54 55]
	distance =  3702.441
	Magnetic dip (100 km)  =  60.521 (deg)
	Gyrofrequency (100 km) =  1.256 (MHz)
	Magnetic dip (300 km)  =  60.592 (deg)
	Gyrofrequency (300 km) =  1.146 (MHz)
	M(3000)F2 =  3.177
	foE   =  2.789 (MHz)
	foF2  =  6.559 (MHz)
	reflection height  =  293.019 (km)
	solar zenith angle =  57.554 (deg)
	solar declination  =  18.741 (deg)
	solar hour angle   =  63.009 (deg)
	equation of time   =  3.696 (minutes)
	local sunrise      =  7:47 (UTC)  5:47 (Local)
	local solar noon   =  14:47 (UTC)  12:47 (Local)
	local sunset       =  21:48 (UTC)  19:48 (Local)
	local time         =  19:00 (UTC)  17:00 (Local)
**********************************************************
*            Control Point   -      R - d0/2             *
**********************************************************
	Latitude	=	 0.849	( 48.627)	[48 37 38]
	Longitude	=	-0.320	(-18.321)	[-18 19 16]
	distance =  6170.736
	Magnetic dip (100 km)  =  66.119 (deg)
	Gyrofrequency (100 km) =  1.270 (MHz)
	Magnetic dip (300 km)  =  66.047 (deg)
	Gyrofrequency (300 km) =  1.165 (MHz)
	M(3000)F2 =  3.211
	foE   =  2.251 (MHz)
	foF2  =  5.669 (MHz)
	solar zenith angle =  74.497 (deg)
	solar declination  =  18.741 (deg)
	solar hour angle   =  87.603 (deg)
	equation of time   =  3.696 (minutes)
	local sunrise      =  5:33 (UTC)  4:33 (Local)
	local solar noon   =  13:09 (UTC)  12:09 (Local)
	local sunset       =  20:46 (UTC)  19:46 (Local)
	local time         =  19:00 (UTC)  18:00 (Local)
**********************************************************
*            Control Point   -     R - 1000              *
**********************************************************
	Latitude	=	 0.864	( 49.532)	[49 31 54]
	Longitude	=	-0.269	(-15.418)	[-15 25 3]
	distance =  6404.883
	Magnetic dip (100 km)  =  66.514 (deg)
	Gyrofrequency (100 km) =  1.271 (MHz)
	Magnetic dip (300 km)  =  66.420 (deg)
	Gyrofrequency (300 km) =  1.167 (MHz)
	M(3000)F2 =  3.211
	foE   =  2.179 (MHz)
	foF2  =  5.621 (MHz)
	solar zenith angle =  76.173 (deg)
	solar declination  =  18.741 (deg)
	solar hour angle   =  90.506 (deg)
	equation of time   =  3.696 (minutes)
	local sunrise      =  5:18 (UTC)  4:18 (Local)
	local solar noon   =  12:57 (UTC)  11:57 (Local)
	local sunset       =  20:37 (UTC)  19:37 (Local)
	local time         =  19:00 (UTC)  18:00 (Local)
**********************************************************
*               End DumpPathData()                       *
**********************************************************
**********************************************************
*      DumpPathData - p533() Path data structure         *
**********************************************************
**********************************************************
*                 Input Parameters                       *
**********************************************************
	United Kingdom to Caracas
	Year = 2018
	Month = May
	Hour  = 22 (hour UTC)
	SSN (R12) = 10
	Tx power = -10.000 (dB(1kW))
	Tx Location Caracas
	Tx latitude  =  0.183 ( 10.480) [ 10 28 48]
	Tx longitude = -1.168 (-66.900) [-66 54 0]
	Rx Location Birmingham
	Rx latitude  =  0.916 ( 52.486) [ 52 29 10]
	Rx longitude = -0.033 (-1.890) [-1 53 25]
	local time Rx   =  22 
	local time Tx   =  18 
	Frequency =  14.000 (MHz)
	Bandwidth =  1.000 (Hz)
	Short or Long Path = Short
	Modulation = ANALOG
	Required signal-to-noise ratio =  31.000
	Required Reliability (%) =  90
	Required signal-to-interference ratio =  0.000
	Man-made noise = RESIDENTIAL
	Antenna configuration: Transmitter main beam to receiver main beam
	Transmit antenna 14 MHz Dipole at 10 m AAGL    
	Transmit antenna bearing = 36.972583
	Transmit antenna gain offset = 0.000000
	Receive antenna  14 MHz Dipole at 10 m AAGL    
	Receive antenna bearing = 256.209991
	Receive antenna gain offset = 0.000000
**********************************************************
*                 Calculated Parameters                  *
**********************************************************
****************** Distances (km) ************************
	distance =  7404.883
	slant range =  7776.563
	dmax     =  4000.000
************ Maximum Usable Frequencies (MHz) ************
	basic MUF       =  16.652
	10% MUF         =  19.196
	50% MUF         =  16.652
	90% MUF         =  13.988
	Operational MUF =  18.318
	10% OPMUF       =  21.116
	90% OPMUF       =  15.387
********* Lowest Order and Dominant Mode *****************
	lowest order F2 layer mode =  3
	lowest order E layer mode = No Mode
	No Dominant mode for this path length
************************ Season ***************************
	season = Summer
****** Field Strength (dB(1 uV/m)) and Rx Power (dBW) *****
	Field Strength (7000 km > D)           =  1.473
	Field Strength (7000 km < D < 9000 km) = -0.859
	Field Strength           (D > 9000 km) = -11.502
	Median Rx power = -128.744
**************** Rx Elevation Angle (degs)****************
	Rx Elevation angle =  8.000
***************** Short Path Parameters *******************
	"Not otherwise included loss" (dB) =  8.720
***************** Long Path Parameters *******************
	Free-space Field Strength 3 MW e.i.r.p. (dB(1uV/m) =  61.784
	Increased Long Distance Field Strength due to Focusing (dB) =  1.026
	"Not otherwise included loss" (dB) = -0.140
	Upper Reference Frequency (MHz)      =  22.088
	Lower Reference Frequency (MHz)      =  5.214
	Correction Factor at T + dM/2        =  1.432
	Correction Factor at R - dM/2        =  1.498
	Max Antenna Gain G_tl (0 to 8 deg)   =  0.010
	Max Antenna Gain G_w (0 to 8 deg)    =  0.010
	Mean gyrofrequency (T + dM/2 & R - dM/2) =  1.106
	Scale factor f(f ,fL, fM, fH)        =  0.442
***************** Noise Parameters (dB) *******************
	Atmospheric noise upper decile =  5.411
	Atmospheric noise lower decile =  4.582
	Atmospheric noise              =  29.487
	Man made noise upper decile    =  10.600
	Man made noise lower decile    =  5.300
	Man made noise                 =  40.752
	Galactic noise upper decile    =  2.000
	Galactic noise lower decile    =  2.000
	Galactic noise                 =  25.639
	Total noise upper decile       =  10.530
	Total noise lower decile       =  5.015
	Total noise                    =  40.963
********************** SNR Parameters (dB) *************************************
	Monthly median resultant signal-to-noise ratio =  34.292
	Upper decile deviation signal-to-noise ratio   =  10.731
	Lower decile deviation signal-to-noise ratio   =  17.711
	Signal-to-noise exceeded for 90% of the month  =  16.582
********************** SIR Parameters (dB) *************************************
	Signal-to-interference ratio = -307.000
	Upper decile deviation of the signal-to-interference ratio = -307.000
	Lower decile deviation of the signal-to-interference ratio = -307.000
******************** Reliability Parameters (%) *******************************
	Basic Circuit Reliability                      =  62.541
	Multimode Interference                         = -307.000
	Overall Circuit Reliability without scattering =  0.000
	Overall Circuit Reliability with scattering    =  0.000
	Probability of scattering                      =  0.000
	Probability required SNR is achieved                      =  0.000
	Probability required time spread T0 is not exceeded       =  0.000
	Probability required frequency spread f0 is not exceeded  =  0.000
**********************************************************
*                      F2 Mode 1                         *
**********************************************************
	basic MUF  =  0.000 (MHz)
	10% MUF    =  0.000 (MHz)
	50% MUF    =  0.000 (MHz)
	90% MUF    =  0.000 (MHz)
	OPMUF      =  0.000 (MHz)
	10% OPMUF  =  0.000 (MHz)
	90% OPMUF  =  0.000 (MHz)
	Fprob        =  0.000 (%)
	Lower decile =  0.000
	Upper decile =  0.000
	E Layer Screen Frequency  =  0.000 (MHz)
	Basic Loss (< 7000 km)    =  307.000 (dB)
	Median Field Strength     = -307.000 (dB(1 uV/m))
	Receiver Power            = -307.000 (dBW)
	Delay                     =  0.000 (mS)
	Elevation angle   =  0.000 (degs)
	Reflection height =  0.000 (km)
	Receiver Gain = -307.000 (dBi)
**********************************************************
*                      F2 Mode 2                         *
**********************************************************
	basic MUF  =  0.000 (MHz)
	10% MUF    =  0.000 (MHz)
	50% MUF    =  0.000 (MHz)
	90% MUF    =  0.000 (MHz)
	OPMUF      =  0.000 (MHz)
	10% OPMUF  =  0.000 (MHz)
	90% OPMUF  =  0.000 (MHz)
	Fprob        =  0.000 (%)
	Lower decile =  0.000
	Upper decile =  0.000
	E Layer Screen Frequency  =  0.000 (MHz)
	Basic Loss (< 7000 km)    =  307.000 (dB)
	Median Field Strength     = -307.000 (dB(1 uV/m))
	Receiver Power            = -307.000 (dBW)
	Delay                     =  0.000 (mS)
	Elevation angle   =  0.000 (degs)
	Reflection height =  0.000 (km)
	Receiver Gain = -307.000 (dBi)
**********************************************************
*                      F2 Mode 3                         *
**********************************************************
	basic MUF  =  16.652 (MHz)
	10% MUF    =  19.196 (MHz)
	50% MUF    =  16.652 (MHz)
	90% MUF    =  13.988 (MHz)
	OPMUF      =  18.318 (MHz)
	10% OPMUF  =  21.116 (MHz)
	90% OPMUF  =  15.387 (MHz)
	Fprob        =  0.899 (%)
	Lower decile =  0.840
	Upper decile =  1.153
	E Layer Screen Frequency  =  0.000 (MHz)
	Basic Loss (< 7000 km)    =  151.952 (dB)
	Median Field Strength     = -2.916 (dB(1 uV/m))
	Receiver Power            = -133.524 (dBW)
	Delay                     =  0.000 (mS)
	Elevation angle   =  7.528 (degs)
	Reflection height =  274.888 (km)
	Receiver Gain = -0.486 (dBi)
**********************************************************
*                      F2 Mode 4                         *
**********************************************************
	basic MUF  =  14.207 (MHz)
	10% MUF    =  16.377 (MHz)
	50% MUF    =  14.207 (MHz)
	90% MUF    =  11.934 (MHz)
	OPMUF      =  15.627 (MHz)
	10% OPMUF  =  18.014 (MHz)
	90% OPMUF  =  13.127 (MHz)
	Fprob        =  0.567 (%)
	Lower decile =  0.840
	Upper decile =  1.153
	E Layer Screen Frequency  =  0.000 (MHz)
	Basic Loss (< 7000 km)    =  153.875 (dB)
	Median Field Strength     = -0.740 (dB(1 uV/m))
	Receiver Power            = -127.249 (dBW)
	Delay                     =  0.000 (mS)
	Elevation angle   =  13.069 (degs)
	Reflection height =  283.914 (km)
	Receiver Gain =  3.613 (dBi)
**********************************************************
*                      F2 Mode 5                         *
**********************************************************
	basic MUF  =  12.372 (MHz)
	10% MUF    =  14.262 (MHz)
	50% MUF    =  12.372 (MHz)
	90% MUF    =  10.392 (MHz)
	OPMUF      =  13.609 (MHz)
	10% OPMUF  =  15.688 (MHz)
	90% OPMUF  =  11.432 (MHz)
	Fprob        =  0.130 (%)
	Lower decile =  0.840
	Upper decile =  1.153
	E Layer Screen Frequency  =  0.000 (MHz)
	Basic Loss (< 7000 km)    =  169.139 (dB)
	Median Field Strength     = -14.116 (dB(1 uV/m))
	Receiver Power            = -138.738 (dBW)
	Delay                     =  0.000 (mS)
	Elevation angle   =  17.873 (degs)
	Reflection height =  303.587 (km)
	Receiver Gain =  5.501 (dBi)
**********************************************************
*                      F2 Mode 6                         *
**********************************************************
	basic MUF  =  11.037 (MHz)
	10% MUF    =  12.723 (MHz)
	50% MUF    =  11.037 (MHz)
	90% MUF    =  9.271 (MHz)
	OPMUF      =  12.141 (MHz)
	10% OPMUF  =  13.995 (MHz)
	90% OPMUF  =  10.198 (MHz)
	Fprob        =  0.000 (%)
	Lower decile =  0.840
	Upper decile =  1.153
	E Layer Screen Frequency  =  0.000 (MHz)
	Basic Loss (< 7000 km)    =  177.039 (dB)
	Median Field Strength     = -21.055 (dB(1 uV/m))
	Receiver Power            = -144.710 (dBW)
	Delay                     =  0.000 (mS)
	Elevation angle   =  22.195 (degs)
	Reflection height =  325.307 (km)
	Receiver Gain =  6.468 (dBi)
**********************************************************
*                      F2 Mode 7                         *
**********************************************************
	basic MUF  =  10.061 (MHz)
	10% MUF    =  11.598 (MHz)
	50% MUF    =  10.061 (MHz)
	90% MUF    =  8.451 (MHz)
	OPMUF      =  11.067 (MHz)
	10% OPMUF  =  12.758 (MHz)
	90% OPMUF  =  9.296 (MHz)
	Fprob        =  0.000 (%)
	Lower decile =  0.840
	Upper decile =  1.153
	E Layer Screen Frequency  =  0.000 (MHz)
	Basic Loss (< 7000 km)    =  183.295 (dB)
	Median Field Strength     = -26.854 (dB(1 uV/m))
	Receiver Power            = -150.057 (dBW)
	Delay                     =  0.000 (mS)
	Elevation angle   =  26.141 (degs)
	Reflection height =  338.284 (km)
	Receiver Gain =  6.920 (dBi)
**********************************************************
*                      F2 Mode 8                         *
**********************************************************
	basic MUF  =  9.336 (MHz)
	10% MUF    =  10.762 (MHz)
	50% MUF    =  9.336 (MHz)
	90% MUF    =  7.842 (MHz)
	OPMUF      =  10.269 (MHz)
	10% OPMUF  =  11.838 (MHz)
	90% OPMUF  =  8.626 (MHz)
	Fprob        =  0.000 (%)
	Lower decile =  0.840
	Upper decile =  1.153
	E Layer Screen Frequency  =  0.000 (MHz)
	Basic Loss (< 7000 km)    =  188.643 (dB)
	Median Field Strength     = -32.073 (dB(1 uV/m))
	Receiver Power            = -155.148 (dBW)
	Delay                     =  0.000 (mS)
	Elevation angle   =  29.764 (degs)
	Reflection height =  347.378 (km)
	Receiver Gain =  7.048 (dBi)
**********************************************************
*                      F2 Mode 9                         *
**********************************************************
	basic MUF  =  0.000 (MHz)
	10% MUF    =  0.000 (MHz)
	50% MUF    =  0.000 (MHz)
	90% MUF    =  0.000 (MHz)
	OPMUF      =  0.000 (MHz)
	10% OPMUF  =  0.000 (MHz)
	90% OPMUF  =  0.000 (MHz)
	Fprob        =  0.000 (%)
	Lower decile =  0.000
	Upper decile =  0.000
	E Layer Screen Frequency  =  0.000 (MHz)
	Basic Loss (< 7000 km)    =  307.000 (dB)
	Median Field Strength     = -307.000 (dB(1 uV/m))
	Receiver Power            = -307.000 (dBW)
	Delay                     =  0.000 (mS)
	Elevation angle   =  0.000 (degs)
	Reflection height =  347.378 (km)
	Receiver Gain = -307.000 (dBi)
**********************************************************
*                      F2 Mode 10                         *
**********************************************************
	basic MUF  =  0.000 (MHz)
	10% MUF    =  0.000 (MHz)
	50% MUF    =  0.000 (MHz)
	90% MUF    =  0.000 (MHz)
	OPMUF      =  0.000 (MHz)
	10% OPMUF  =  0.000 (MHz)
	90% OPMUF  =  0.000 (MHz)
	Fprob        =  0.000 (%)
	Lower decile =  0.000
	Upper decile =  0.000
	E Layer Screen Frequency  =  0.000 (MHz)
	Basic Loss (< 7000 km)    =  307.000 (dB)
	Median Field Strength     = -307.000 (dB(1 uV/m))
	Receiver Power            = -307.000 (dBW)
	Delay                     =  0.000 (mS)
	Elevation angle   =  0.000 (degs)
	Reflection height =  347.378 (km)
	Receiver Gain = -307.000 (dBi)
**********************************************************
*                      F2 Mode 11                         *
**********************************************************
	basic MUF  =  0.000 (MHz)
	10% MUF    =  0.000 (MHz)
	50% MUF    =  0.000 (MHz)
	90% MUF    =  0.000 (MHz)
	OPMUF      =  0.000 (MHz)
	10% OPMUF  =  0.000 (MHz)
	90% OPMUF  =  0.000 (MHz)
	Fprob        =  0.000 (%)
	Lower decile =  0.000
	Upper decile =  0.000
	E Layer Screen Frequency  =  0.000 (MHz)
	Basic Loss (< 7000 km)    =  307.000 (dB)
	Median Field Strength     = -307.000 (dB(1 uV/m))
	Receiver Power            = -307.000 (dBW)
	Delay                     =  0.000 (mS)
	Elevation angle   =  0.000 (degs)
	Reflection height =  347.378 (km)
	Receiver Gain = -307.000 (dBi)
**********************************************************
*                       E Mode 1                         *
**********************************************************
	basic MUF  =  0.000 (MHz)
	10% MUF    =  0.000 (MHz)
	50% MUF    =  0.000 (MHz)
	90% MUF    =  0.000 (MHz)
	OPMUF      =  0.000 (MHz)
	10% OPMUF  =  0.000 (MHz)
	90% OPMUF  =  0.000 (MHz)
	Fprob        =  0.000 (%)
	Lower decile =  0.000
	Upper decile =  0.000
	Basic Loss (< 7000 km)    =  307.000 (dB)
	Median Field Strength     = -307.000 (dB(1 uV/m))
	Receiver Power            = -307.000 (dBW)
	Delay                     =  0.000 (mS)
	Elevation angle   =  0.000 (degs)
	Reflection height =  0.000 (km)
	Receiver Gain = -307.000 (dBi)
**********************************************************
*                       E Mode 2                         *
**********************************************************
	basic MUF  =  0.000 (MHz)
	10% MUF    =  0.000 (MHz)
	50% MUF    =  0.000 (MHz)
	90% MUF    =  0.000 (MHz)
	OPMUF      =  0.000 (MHz)
	10% OPMUF  =  0.000 (MHz)
	90% OPMUF  =  0.000 (MHz)
	Fprob        =  0.000 (%)
	Lower decile =  0.000
	Upper decile =  0.000
	Basic Loss (< 7000 km)    =  307.000 (dB)
	Median Field Strength     = -307.000 (dB(1 uV/m))
	Receiver Power            = -307.000 (dBW)
	Delay                     =  0.000 (mS)
	Elevation angle   =  0.000 (degs)
	Reflection height =  0.000 (km)
	Receiver Gain = -307.000 (dBi)
**********************************************************
*                       E Mode 3                         *
**********************************************************
	basic MUF  =  0.000 (MHz)
	10% MUF    =  0.000 (MHz)
	50% MUF    =  0.000 (MHz)
	90% MUF    =  0.000 (MHz)
	OPMUF      =  0.000 (MHz)
	10% OPMUF  =  0.000 (MHz)
	90% OPMUF  =  0.000 (MHz)
	Fprob        =  0.000 (%)
	Lower decile =  0.000
	Upper decile =  0.000
	Basic Loss (< 7000 km)    =  307.000 (dB)
	Median Field Strength     = -307.000 (dB(1 uV/m))
	Receiver Power            = -307.000 (dBW)
	Delay                     =  0.000 (mS)
	Elevation angle   =  0.000 (degs)
	Reflection height =  0.000 (km)
	Receiver Gain = -307.000 (dBi)
**********************************************************
*                       E Mode 4                         *
**********************************************************
	basic MUF  =  0.000 (MHz)
	10% MUF    =  0.000 (MHz)
	50% MUF    =  0.000 (MHz)
	90% MUF    =  0.000 (MHz)
	OPMUF      =  0.000 (MHz)
	10% OPMUF  =  0.000 (MHz)
	90% OPMUF  =  0.000 (MHz)
	Fprob        =  0.000 (%)
	Lower decile =  0.000
	Upper decile =  0.000
	Basic Loss (< 7000 km)    =  307.000 (dB)
	Median Field Strength     = -307.000 (dB(1 uV/m))
	Receiver Power            = -307.000 (dBW)
	Delay                     =  0.000 (mS)
	Elevation angle   =  0.000 (degs)
	Reflection height =  0.000 (km)
	Receiver Gain = -307.000 (dBi)
**********************************************************
*            Control Point   -      T + 1000             *
**********************************************************
	Latitude	=	 0.307	( 17.605)	[17 36 19]
	Longitude	=	-1.069	(-61.239)	[-61 14 22]
	distance =  1000.000
	Magnetic dip (100 km)  =  49.189 (deg)
	Gyrofrequency (100 km) =  1.137 (MHz)
	Magnetic dip (300 km)  =  49.064 (deg)
	Gyrofrequency (300 km) =  1.029 (MHz)
	M(3000)F2 =  3.257
	foE   =  2.479 (MHz)
	foF2  =  8.590 (MHz)
	solar zenith angle =  70.387 (deg)
	solar declination  =  18.761 (deg)
	solar hour angle   =  74.684 (deg)
	equation of time   =  3.695 (minutes)
	local sunrise      =  9:32 (UTC)  5:32 (Local)
	local solar noon   =  16:01 (UTC)  12:01 (Local)
	local sunset       =  22:29 (UTC)  18:29 (Local)
	local time         =  21:00 (UTC)  17:00 (Local)
**********************************************************
*            Control Point   -      T + d0/2             *
**********************************************************
	Latitude	=	 0.336	( 19.252)	[19 15 6]
	Longitude	=	-1.045	(-59.856)	[-59 51 20]
	distance =  1234.147
	Magnetic dip (100 km)  =  50.674 (deg)
	Gyrofrequency (100 km) =  1.155 (MHz)
	Magnetic dip (300 km)  =  50.560 (deg)
	Gyrofrequency (300 km) =  1.046 (MHz)
	M(3000)F2 =  3.260
	foE   =  2.442 (MHz)
	foF2  =  8.384 (MHz)
	solar zenith angle =  71.260 (deg)
	solar declination  =  18.761 (deg)
	solar hour angle   =  76.068 (deg)
	equation of time   =  3.695 (minutes)
	local sunrise      =  9:24 (UTC)  6:24 (Local)
	local solar noon   =  15:55 (UTC)  12:55 (Local)
	local sunset       =  22:26 (UTC)  19:26 (Local)
	local time         =  21:00 (UTC)  18:00 (Local)
**********************************************************
*            Control Point   -       MidPath             *
**********************************************************
	Latitude	=	 0.623	( 35.683)	[35 41 0]
	Longitude	=	-0.749	(-42.915)	[-42 54 55]
	distance =  3702.441
	Magnetic dip (100 km)  =  60.521 (deg)
	Gyrofrequency (100 km) =  1.256 (MHz)
	Magnetic dip (300 km)  =  60.592 (deg)
	Gyrofrequency (300 km) =  1.146 (MHz)
	M(3000)F2 =  3.224
	foE   =  1.932 (MHz)
	foF2  =  6.599 (MHz)
	reflection height  =  286.175 (km)
	solar zenith angle =  81.533 (deg)
	solar declination  =  18.761 (deg)
	solar hour angle   =  93.008 (deg)
	equation of time   =  3.695 (minutes)
	local sunrise      =  7:47 (UTC)  5:47 (Local)
	local solar noon   =  14:47 (UTC)  12:47 (Local)
	local sunset       =  21:48 (UTC)  19:48 (Local)
	local time         =  21:00 (UTC)  19:00 (Local)
**********************************************************
*            Control Point   -      R - d0/2             *
**********************************************************
	Latitude	=	 0.849	( 48.627)	[48 37 38]
	Longitude	=	-0.320	(-18.321)	[-18 19 16]
	distance =  6170.736
	Magnetic dip (100 km)  =  66.119 (deg)
	Gyrofrequency (100 km) =  1.270 (MHz)
	Magnetic dip (300 km)  =  66.047 (deg)
	Gyrofrequency (300 km) =  1.165 (MHz)
	M(3000)F2 =  3.169
	foE   =  1.352 (MHz)
	foF2  =  5.026 (MHz)
	solar zenith angle =  92.787 (deg)
	solar declination  =  18.761 (deg)
	solar hour angle   =  117.603 (deg)
	equation of time   =  3.695 (minutes)
	local sunrise      =  5:33 (UTC)  4:33 (Local)
	local solar noon   =  13:09 (UTC)  12:09 (Local)
	local sunset       =  20:46 (UTC)  19:46 (Local)
	local time         =  21:00 (UTC)  20:00 (Local)
**********************************************************
*            Control Point   -     R - 1000              *
**********************************************************
	Latitude	=	 0.864	( 49.532)	[49 31 54]
	Longitude	=	-0.269	(-15.418)	[-15 25 3]
	distance =  6404.883
	Magnetic dip (100 km)  =  66.514 (deg)
	Gyrofrequency (100 km) =  1.271 (MHz)
	Magnetic dip (300 km)  =  66.420 (deg)
	Gyrofrequency (300 km) =  1.167 (MHz)
	M(3000)F2 =  3.165
	foE   =  1.286 (MHz)
	foF2  =  4.904 (MHz)
	solar zenith angle =  93.858 (deg)
	solar declination  =  18.761 (deg)
	solar hour angle   =  120.506 (deg)
	equation of time   =  3.695 (minutes)
	local sunrise      =  5:18 (UTC)  4:18 (Local)
	local solar noon   =  12:57 (UTC)  11:57 (Local)
	local sunset       =  20:37 (UTC)  19:37 (Local)
	local time         =  21:00 (UTC)  20:00 (Local)
**********************************************************
*               End DumpPathData()                       *
**********************************************************
**********************************************************
*      DumpPathData - p533() Path data structure         *
**********************************************************
**********************************************************
*                 Input Parameters                       *
**********************************************************
	United Kingdom to Caracas
	Year = 2018
	Month = May
	Hour  = 24 (hour UTC)
	SSN (R12) = 10
	Tx power = -10.000 (dB(1kW))
	Tx Location Caracas
	Tx latitude  =  0.183 ( 10.480) [ 10 28 48]
	Tx longitude = -1.168 (-66.900) [-66 54 0]
	Rx Location Birmingham
	Rx latitude  =  0.916 ( 52.486) [ 52 29 10]
	Rx longitude = -0.033 (-1.890) [-1 53 25]
	local time Rx   =  24 
	local time Tx   =  20 
	Frequency =  14.000 (MHz)
	Bandwidth =  1.000 (Hz)
	Short or Long Path = Short
	Modulation = ANALOG
	Required signal-to-noise ratio =  31.000
	Required Reliability (%) =  90
	Required signal-to-interference ratio =  0.000
	Man-made noise = RESIDENTIAL
	Antenna configuration: Transmitter main beam to receiver main beam
	Transmit antenna 14 MHz Dipole at 10 m AAGL    
	Transmit antenna bearing = 36.972583
	Transmit antenna gain offset = 0.000000
	Receive antenna  14 MHz Dipole at 10 m AAGL    
	Receive antenna bearing = 256.209991
	Receive antenna gain offset = 0.000000
**********************************************************
*                 Calculated Parameters                  *
**********************************************************
****************** Distances (km) ************************
	distance =  7404.883
	slant range =  7776.563
	dmax     =  4000.000
************ Maximum Usable Frequencies (MHz) ************
	basic MUF       =  12.756
	10% MUF         =  14.776
	50% MUF         =  12.756
	90% MUF         =  10.318
	Operational MUF =  15.307
	10% OPMUF       =  17.731
	90% OPMUF       =  12.381
********* Lowest Order and Dominant Mode *****************
	lowest order F2 layer mode =  3
	lowest order E layer mode = No Mode
	No Dominant mode for this path length
************************ Season ***************************
	season = Summer
****** Field Strength (dB(1 uV/m)) and Rx Power (dBW) *****
	Field Strength (7000 km > D)           = -8.037
	Field Strength (7000 km < D < 9000 km) = -10.188
	Field Strength           (D > 9000 km) = -19.883
	Median Rx power = -138.842
**************** Rx Elevation Angle (degs)****************
	Rx Elevation angle =  8.000
***************** Short Path Parameters *******************
	"Not otherwise included loss" (dB) =  8.720
***************** Long Path Parameters *******************
	Free-space Field Strength 3 MW e.i.r.p. (dB(1uV/m) =  61.784
	Increased Long Distance Field Strength due to Focusing (dB) =  1.026
	"Not otherwise included loss" (dB) = -0.140
	Upper Reference Frequency (MHz)      =  17.532
	Lower Reference Frequency (MHz)      =  2.808
	Correction Factor at T + dM/2        =  1.459
	Correction Factor at R - dM/2        =  1.525
	Max Antenna Gain G_tl (0 to 8 deg)   =  0.010
	Max Antenna Gain G_w (0 to 8 deg)    =  0.010
	Mean gyrofrequency (T + dM/2 & R - dM/2) =  1.106
	Scale factor f(f ,fL, fM, fH)        =  0.307
***************** Noise Parameters (dB) *******************
	Atmospheric noise upper decile =  5.330
	Atmospheric noise lower decile =  4.518
	Atmospheric noise              =  27.142
	Man made noise upper decile    =  10.600
	Man made noise lower decile    =  5.300
	Man made noise                 =  40.752
	Galactic noise upper decile    =  2.000
	Galactic noise lower decile    =  2.000
	Galactic noise                 =  25.639
	Total noise upper decile       =  10.553
	Total noise lower decile       =  5.102
	Total noise                    =  40.893
********************** SNR Parameters (dB) *************************************
	Monthly median resultant signal-to-noise ratio =  24.265
	Upper decile deviation signal-to-noise ratio   =  13.974
	Lower decile deviation signal-to-noise ratio   =  18.449
	Signal-to-noise exceeded for 90% of the month  =  5.816
********************** SIR Parameters (dB) *************************************
	Signal-to-interference ratio = -307.000
	Upper decile deviation of the signal-to-interference ratio = -307.000
	Lower decile deviation of the signal-to-interference ratio = -307.000
******************** Reliability Parameters (%) *******************************
	Basic Circuit Reliability                      =  23.983
	Multimode Interference                         = -307.000
	Overall Circuit Reliability without scattering =  0.000
	Overall Circuit Reliability with scattering    =  0.000
	Probability of scattering                      =  0.000
	Probability required SNR is achieved                      =  0.000
	Probability required time spread T0 is not exceeded       =  0.000
	Probability required frequency spread f0 is not exceeded  =  0.000
**********************************************************
*                      F2 Mode 1                         *
**********************************************************
	basic MUF  =  0.000 (MHz)
	10% MUF    =  0.000 (MHz)
	50% MUF    =  0.000 (MHz)
	90% MUF    =  0.000 (MHz)
	OPMUF      =  0.000 (MHz)
	10% OPMUF  =  0.000 (MHz)
	90% OPMUF  =  0.000 (MHz)
	Fprob        =  0.000 (%)
	Lower decile =  0.000
	Upper decile =  0.000
	E Layer Screen Frequency  =  0.000 (MHz)
	Basic Loss (< 7000 km)    =  307.000 (dB)
	Median Field Strength     = -307.000 (dB(1 uV/m))
	Receiver Power            = -307.000 (dBW)
	Delay                     =  0.000 (mS)
	Elevation angle   =  0.000 (degs)
	Reflection height =  0.000 (km)
	Receiver Gain = -307.000 (dBi)
**********************************************************
*                      F2 Mode 2                         *
**********************************************************
	basic MUF  =  0.000 (MHz)
	10% MUF    =  0.000 (MHz)
	50% MUF    =  0.000 (MHz)
	90% MUF    =  0.000 (MHz)
	OPMUF      =  0.000 (MHz)
	10% OPMUF  =  0.000 (MHz)
	90% OPMUF  =  0.000 (MHz)
	Fprob        =  0.000 (%)
	Lower decile =  0.000
	Upper decile =  0.000
	E Layer Screen Frequency  =  0.000 (MHz)
	Basic Loss (< 7000 km)    =  307.000 (dB)
	Median Field Strength     = -307.000 (dB(1 uV/m))
	Receiver Power            = -307.000 (dBW)
	Delay                     =  0.000 (mS)
	Elevation angle   =  0.000 (degs)
	Reflection height =  0.000 (km)
	Receiver Gain = -307.000 (dBi)
**********************************************************
*                      F2 Mode 3                         *
**********************************************************
	basic MUF  =  12.756 (MHz)
	10% MUF    =  14.776 (MHz)
	50% MUF    =  12.756 (MHz)
	90% MUF    =  10.318 (MHz)
	OPMUF      =  15.307 (MHz)
	10% OPMUF  =  17.731 (MHz)
	90% OPMUF  =  12.381 (MHz)
	Fprob        =  0.195 (%)
	Lower decile =  0.809
	Upper decile =  1.158
	E Layer Screen Frequency  =  0.000 (MHz)
	Basic Loss (< 7000 km)    =  158.934 (dB)
	Median Field Strength     = -9.231 (dB(1 uV/m))
	Receiver Power            = -139.173 (dBW)
	Delay                     =  0.000 (mS)
	Elevation angle   =  8.188 (degs)
	Reflection height =  341.662 (km)
	Receiver Gain =  0.181 (dBi)
**********************************************************
*                      F2 Mode 4                         *
**********************************************************
	basic MUF  =  10.900 (MHz)
	10% MUF    =  12.627 (MHz)
	50% MUF    =  10.900 (MHz)
	90% MUF    =  8.817 (MHz)
	OPMUF      =  13.080 (MHz)
	10% OPMUF  =  15.152 (MHz)
	90% OPMUF  =  10.580 (MHz)
	Fprob        =  0.000 (%)
	Lower decile =  0.809
	Upper decile =  1.158
	E Layer Screen Frequency  =  0.000 (MHz)
	Basic Loss (< 7000 km)    =  169.094 (dB)
	Median Field Strength     = -15.553 (dB(1 uV/m))
	Receiver Power            = -141.656 (dBW)
	Delay                     =  0.000 (mS)
	Elevation angle   =  13.914 (degs)
	Reflection height =  370.777 (km)
	Receiver Gain =  4.019 (dBi)
**********************************************************
*                      F2 Mode 5                         *
**********************************************************
	basic MUF  =  9.532 (MHz)
	10% MUF    =  11.042 (MHz)
	50% MUF    =  9.532 (MHz)
	90% MUF    =  7.710 (MHz)
	OPMUF      =  11.438 (MHz)
	10% OPMUF  =  13.250 (MHz)
	90% OPMUF  =  9.252 (MHz)
	Fprob        =  0.000 (%)
	Lower decile =  0.809
	Upper decile =  1.158
	E Layer Screen Frequency  =  0.000 (MHz)
	Basic Loss (< 7000 km)    =  176.777 (dB)
	Median Field Strength     = -21.478 (dB(1 uV/m))
	Receiver Power            = -145.823 (dBW)
	Delay                     =  0.000 (mS)
	Elevation angle   =  18.878 (degs)
	Reflection height =  391.986 (km)
	Receiver Gain =  5.777 (dBi)
**********************************************************
*                      F2 Mode 6                         *
**********************************************************
	basic MUF  =  8.548 (MHz)
	10% MUF    =  9.902 (MHz)
	50% MUF    =  8.548 (MHz)
	90% MUF    =  6.914 (MHz)
	OPMUF      =  10.257 (MHz)
	10% OPMUF  =  11.882 (MHz)
	90% OPMUF  =  8.297 (MHz)
	Fprob        =  0.000 (%)
	Lower decile =  0.809
	Upper decile =  1.158
	E Layer Screen Frequency  =  0.000 (MHz)
	Basic Loss (< 7000 km)    =  183.152 (dB)
	Median Field Strength     = -26.996 (dB(1 uV/m))
	Receiver Power            = -150.486 (dBW)
	Delay                     =  0.000 (mS)
	Elevation angle   =  23.333 (degs)
	Reflection height =  395.597 (km)
	Receiver Gain =  6.633 (dBi)
**********************************************************
*                      F2 Mode 7                         *
**********************************************************
	basic MUF  =  7.834 (MHz)
	10% MUF    =  9.075 (MHz)
	50% MUF    =  7.834 (MHz)
	90% MUF    =  6.337 (MHz)
	OPMUF      =  9.401 (MHz)
	10% OPMUF  =  10.890 (MHz)
	90% OPMUF  =  7.604 (MHz)
	Fprob        =  0.000 (%)
	Lower decile =  0.809
	Upper decile =  1.158
	E Layer Screen Frequency  =  0.000 (MHz)
	Basic Loss (< 7000 km)    =  188.646 (dB)
	Median Field Strength     = -32.134 (dB(1 uV/m))
	Receiver Power            = -155.262 (dBW)
	Delay                     =  0.000 (mS)
	Elevation angle   =  27.386 (degs)
	Reflection height =  395.597 (km)
	Receiver Gain =  6.994 (dBi)
**********************************************************
*                      F2 Mode 8                         *
**********************************************************
	basic MUF  =  7.307 (MHz)
	10% MUF    =  8.464 (MHz)
	50% MUF    =  7.307 (MHz)
	90% MUF    =  5.910 (MHz)
	OPMUF      =  8.768 (MHz)
	10% OPMUF  =  10.157 (MHz)
	90% OPMUF  =  7.092 (MHz)
	Fprob        =  0.000 (%)
	Lower decile =  0.809
	Upper decile =  1.158
	E Layer Screen Frequency  =  0.000 (MHz)
	Basic Loss (< 7000 km)    =  193.496 (dB)
	Median Field Strength     = -36.936 (dB(1 uV/m))
	Receiver Power            = -160.021 (dBW)
	Delay                     =  0.000 (mS)
	Elevation angle   =  31.090 (degs)
	Reflection height =  395.597 (km)
	Receiver Gain =  7.037 (dBi)
**********************************************************
*                      F2 Mode 9                         *
**********************************************************
	basic MUF  =  0.000 (MHz)
	10% MUF    =  0.000 (MHz)
	50% MUF    =  0.000 (MHz)
	90% MUF    =  0.000 (MHz)
	OPMUF      =  0.000 (MHz)
	10% OPMUF  =  0.000 (MHz)
	90% OPMUF  =  0.000 (MHz)
	Fprob        =  0.000 (%)
	Lower decile =  0.000
	Upper decile =  0.000
	E Layer Screen Frequency  =  0.000 (MHz)
	Basic Loss (< 7000 km)    =  307.000 (dB)
	Median Field Strength     = -307.000 (dB(1 uV/m))
	Receiver Power            = -307.000 (dBW)
	Delay                     =  0.000 (mS)
	Elevation angle   =  0.000 (degs)
	Reflection height =  395.597 (km)
	Receiver Gain = -307.000 (dBi)
**********************************************************
*                      F2 Mode 10                         *
**********************************************************
	basic MUF  =  0.000 (MHz)
	10% MUF    =  0.000 (MHz)
	50% MUF    =  0.000 (MHz)
	90% MUF    =  0.000 (MHz)
	OPMUF      =  0.000 (MHz)
	10% OPMUF  =  0.000 (MHz)
	90% OPMUF  =  0.000 (MHz)
	Fprob        =  0.000 (%)
	Lower decile =  0.000
	Upper decile =  0.000
	E Layer Screen Frequency  =  0.000 (MHz)
	Basic Loss (< 7000 km)    =  307.000 (dB)
	Median Field Strength     = -307.000 (dB(1 uV/m))
	Receiver Power            = -307.000 (dBW)
	Delay                     =  0.000 (mS)
	Elevation angle   =  0.000 (degs)
	Reflection height =  395.597 (km)
	Receiver Gain = -307.000 (dBi)
**********************************************************
*                      F2 Mode 11                         *
**********************************************************
	basic MUF  =  0.000 (MHz)
	10% MUF    =  0.000 (MHz)
	50% MUF    =  0.000 (MHz)
	90% MUF    =  0.000 (MHz)
	OPMUF      =  0.000 (MHz)
	10% OPMUF  =  0.000 (MHz)
	90% OPMUF  =  0.000 (MHz)
	Fprob        =  0.000 (%)
	Lower decile =  0.000
	Upper decile =  0.000
	E Layer Screen Frequency  =  0.000 (MHz)
	Basic Loss (< 7000 km)    =  307.000 (dB)
	Median Field Strength     = -307.000 (dB(1 uV/m))
	Receiver Power            = -307.000 (dBW)
	Delay                     =  0.000 (mS)
	Elevation angle   =  0.000 (degs)
	Reflection height =  395.597 (km)
	Receiver Gain = -307.000 (dBi)
**********************************************************
*                       E Mode 1                         *
**********************************************************
	basic MUF  =  0.000 (MHz)
	10% MUF    =  0.000 (MHz)
	50% MUF    =  0.000 (MHz)
	90% MUF    =  0.000 (MHz)
	OPMUF      =  0.000 (MHz)
	10% OPMUF  =  0.000 (MHz)
	90% OPMUF  =  0.000 (MHz)
	Fprob        =  0.000 (%)
	Lower decile =  0.000
	Upper decile =  0.000
	Basic Loss (< 7000 km)    =  307.000 (dB)
	Median Field Strength     = -307.000 (dB(1 uV/m))
	Receiver Power            = -307.000 (dBW)
	Delay                     =  0.000 (mS)
	Elevation angle   =  0.000 (degs)
	Reflection height =  0.000 (km)
	Receiver Gain = -307.000 (dBi)
**********************************************************
*                       E Mode 2                         *
**********************************************************
	basic MUF  =  0.000 (MHz)
	10% MUF    =  0.000 (MHz)
	50% MUF    =  0.000 (MHz)
	90% MUF    =  0.000 (MHz)
	OPMUF      =  0.000 (MHz)
	10% OPMUF  =  0.000 (MHz)
	90% OPMUF  =  0.000 (MHz)
	Fprob        =  0.000 (%)
	Lower decile =  0.000
	Upper decile =  0.000
	Basic Loss (< 7000 km)    =  307.000 (dB)
	Median Field Strength     = -307.000 (dB(1 uV/m))
	Receiver Power            = -307.000 (dBW)
	Delay                     =  0.000 (mS)
	Elevation angle   =  0.000 (degs)
	Reflection height =  0.000 (km)
	Receiver Gain = -307.000 (dBi)
**********************************************************
*                       E Mode 3                         *
**********************************************************
	basic MUF  =  0.000 (MHz)
	10% MUF    =  0.000 (MHz)
	50% MUF    =  0.000 (MHz)
	90% MUF    =  0.000 (MHz)
	OPMUF      =  0.000 (MHz)
	10% OPMUF  =  0.000 (MHz)
	90% OPMUF  =  0.000 (MHz)
	Fprob        =  0.000 (%)
	Lower decile =  0.000
	Upper decile =  0.000
	Basic Loss (< 7000 km)    =  307.000 (dB)
	Median Field Strength     = -307.000 (dB(1 uV/m))
	Receiver Power            = -307.000 (dBW)
	Delay                     =  0.000 (mS)
	Elevation angle   =  0.000 (degs)
	Reflection height =  0.000 (km)
	Receiver Gain = -307.000 (dBi)
**********************************************************
*                       E Mode 4                         *
**********************************************************
	basic MUF  =  0.000 (MHz)
	10% MUF    =  0.000 (MHz)
	50% MUF    =  0.000 (MHz)
	90% MUF    =  0.000 (MHz)
	OPMUF      =  0.000 (MHz)
	10% OPMUF  =  0.000 (MHz)
	90% OPMUF  =  0.000 (MHz)
	Fprob        =  0.000 (%)
	Lower decile =  0.000
	Upper decile =  0.000
	Basic Loss (< 7000 km)    =  307.000 (dB)
	Median Field Strength     = -307.000 (dB(1 uV/m))
	Receiver Power            = -307.000 (dBW)
	Delay                     =  0.000 (mS)
	Elevation angle   =  0.000 (degs)
	Reflection height =  0.000 (km)
	Receiver Gain = -307.000 (dBi)
**********************************************************
*            Control Point   -      T + 1000             *
**********************************************************
	Latitude	=	 0.307	( 17.605)	[17 36 19]
	Longitude	=	-1.069	(-61.239)	[-61 14 22]
	distance =  1000.000
	Magnetic dip (100 km)  =  49.189 (deg)
	Gyrofrequency (100 km) =  1.137 (MHz)
	Magnetic dip (300 km)  =  49.064 (deg)
	Gyrofrequency (300 km) =  1.029 (MHz)
	M(3000)F2 =  3.163
	foE   =  1.281 (MHz)
	foF2  =  6.636 (MHz)
	solar zenith angle =  97.549 (deg)
	solar declination  =  18.781 (deg)
	solar hour angle   =  104.684 (deg)
	equation of time   =  3.694 (minutes)
	local sunrise      =  9:32 (UTC)  5:32 (Local)
	local solar noon   =  16:01 (UTC)  12:01 (Local)
	local sunset       =  22:29 (UTC)  18:29 (Local)
	local time         =  23:00 (UTC)  19:00 (Local)
**********************************************************
*            Control Point   -      T + d0/2             *
**********************************************************
	Latitude	=	 0.336	( 19.252)	[19 15 6]
	Longitude	=	-1.045	(-59.856)	[-59 51 20]
	distance =  1234.147
	Magnetic dip (100 km)  =  50.674 (deg)
	Gyrofrequency (100 km) =  1.155 (MHz)
	Magnetic dip (300 km)  =  50.560 (deg)
	Gyrofrequency (300 km) =  1.046 (MHz)
	M(3000)F2 =  3.165
	foE   =  1.256 (MHz)
	foF2  =  6.549 (MHz)
	solar zenith angle =  98.119 (deg)
	solar declination  =  18.781 (deg)
	solar hour angle   =  106.068 (deg)
	equation of time   =  3.694 (minutes)
	local sunrise      =  9:24 (UTC)  6:24 (Local)
	local solar noon   =  15:55 (UTC)  12:55 (Local)
	local sunset       =  22:26 (UTC)  19:26 (Local)
	local time         =  23:00 (UTC)  20:00 (Local)
**********************************************************
*            Control Point   -       MidPath             *
**********************************************************
	Latitude	=	 0.623	( 35.683)	[35 41 0]
	Longitude	=	-0.749	(-42.915)	[-42 54 55]
	distance =  3702.441
	Magnetic dip (100 km)  =  60.521 (deg)
	Gyrofrequency (100 km) =  1.256 (MHz)
	Magnetic dip (300 km)  =  60.592 (deg)
	Gyrofrequency (300 km) =  1.146 (MHz)
	M(3000)F2 =  3.126
	foE   =  0.983 (MHz)
	foF2  =  5.590 (MHz)
	reflection height  =  300.699 (km)
	solar zenith angle =  103.363 (deg)
	solar declination  =  18.781 (deg)
	solar hour angle   =  123.008 (deg)
	equation of time   =  3.694 (minutes)
	local sunrise      =  7:46 (UTC)  5:46 (Local)
	local solar noon   =  14:47 (UTC)  12:47 (Local)
	local sunset       =  21:48 (UTC)  19:48 (Local)
	local time         =  23:00 (UTC)  21:00 (Local)
**********************************************************
*            Control Point   -      R - d0/2             *
**********************************************************
	Latitude	=	 0.849	( 48.627)	[48 37 38]
	Longitude	=	-0.320	(-18.321)	[-18 19 16]
	distance =  6170.736
	Magnetic dip (100 km)  =  66.119 (deg)
	Gyrofrequency (100 km) =  1.270 (MHz)
	Magnetic dip (300 km)  =  66.047 (deg)
	Gyrofrequency (300 km) =  1.165 (MHz)
	M(3000)F2 =  3.066
	foE   =  0.672 (MHz)
	foF2  =  4.028 (MHz)
	solar zenith angle =  106.664 (deg)
	solar declination  =  18.781 (deg)
	solar hour angle   =  147.602 (deg)
	equation of time   =  3.694 (minutes)
	local sunrise      =  5:32 (UTC)  4:32 (Local)
	local solar noon   =  13:09 (UTC)  12:09 (Local)
	local sunset       =  20:46 (UTC)  19:46 (Local)
	local time         =  23:00 (UTC)  22:00 (Local)
**********************************************************
*            Control Point   -     R - 1000              *
**********************************************************
	Latitude	=	 0.864	( 49.532)	[49 31 54]
	Longitude	=	-0.269	(-15.418)	[-15 25 3]
	distance =  6404.883
	Magnetic dip (100 km)  =  66.514 (deg)
	Gyrofrequency (100 km) =  1.271 (MHz)
	Magnetic dip (300 km)  =  66.420 (deg)
	Gyrofrequency (300 km) =  1.167 (MHz)
	M(3000)F2 =  3.062
	foE   =  0.639 (MHz)
	foF2  =  3.901 (MHz)
	solar zenith angle =  106.852 (deg)
	solar declination  =  18.781 (deg)
	solar hour angle   =  150.506 (deg)
	equation of time   =  3.694 (minutes)
	local sunrise      =  5:18 (UTC)  4:18 (Local)
	local solar noon   =  12:57 (UTC)  11:57 (Local)
	local sunset       =  20:37 (UTC)  19:37 (Local)
	local time         =  23:00 (UTC)  22:00 (Local)
**********************************************************
*               End DumpPathData()                       *
**********************************************************
